section;sample_id;depth;Eggerelloides scaber;Haplophragmoides wilberti;Jadammina macrescens;Textularia agglutinans;Textularia bocki;Textularia calva;Textularia tenuissima;Textularia sp.;Ammobaculites cf arenaria;Trochammina inflata;Adelosina bicornis;Adelosina laevigata;Adelosina mediterranensis;Adelosina sp.;Cornuloculina sp.;Cornuspira incerta;Cornuspira involvens;Lachlanella undulata;Massilina secans;Miliolinella subrotunda;Miliolid undetermined;Pyrgo inornata;Pyrgo sp.;Spiroloculina canaliculata;Quinqueloculina depressa;Quinqueloculina lata;Quinqueloculina longirostra;Quinqueloculina oblonga;Quinqueloculina seminula;Quinqueloculina stelligera;Quinqueloculina vulgaris;Quinqueloculina sp.1;Quinqueloculina sp.2;Triloculina dubia;Triloculina marioni;Triloculina trigonula;Triloculina sp;Triloculina rotunda;Amphicoryna scalaris;Acervulina inhaerens;Ammonia tepida;Ammonia beccarii;Astacolus crepidulus;Asterigerinata mamilla;Aubignyna perlucida;Bolivina difformis;Bolivina alata;Bolivina dilatata;Bolivina pseudoplicata;Bolivina striatula;Bolivinellina pseudopunctata;Brizalina spathulata;Brizalina iraensis;Brizalina variabilis;Buccella granulata;Bulimina aculeata;Bulimina elongata;Bulimina gibba;Bulimina marginata;Buliminella elegantissima;calcareous undt;Cassidulina carinata;Cassidulina obtusa;Cibicides lobulatus;Cibicides sp.;Cribroelphidium sp (cf excavatum);Cribroelphidium sp.;Cribroelphidium magellanicum;Cribroelphidium oceanensis;Cribroelphidium cf poeyanum;Cribroelphidium selseyense;Cribroelphidium williamsoni;Elphidium advenum;Elphidium crispum;Elphidium excavatum;Elphidium earlandi;Elphidium flexuosum;Elphidium gerthi;Elphidium incertum;Elphidium macellum;Elphidium margaritaceum;Elphidium sp.;Epistominella vitrea;Favulina melo;Fissurina lucida;Fissurina marginata;Fissurina sp.;Fursenkoina schreibersiana ;Gavelinopsis praegeri;Globobulimina sp.;Haynesina depressula;Haynesina germanica;Hopkinsina pacifica;Lagena semistriata;Lagena sulcata;Lagena vulgaris;Nonionella opima;Nonionella sp;Nonionoides boeanum;Nonionoides turgida;Planorbulina mediterranensis;Patellina corrugata;Rectuvigerina compressa;Reussella aculeata;Reussoolina laevis;Rosalina anomala;Rosalina globularis;Rosalina concinna;Rosalina irregularis;Rosalina valvulata;Rosalina williamsoni;Rosalina sp.1;Rosalina sp.2;Spirillina vivipara;Svratkina sp.;Tretomphaloides concinnus;Trichohyalus aguayoi;Trifarina angulosa;Uvigerina sp.;Uvigerina peregrina;Valvulineria bradyana;Planktic
C1;S2_C1_0.6_1.2T;0,7;0;0;0;0;0;0;0;0;0;0;0;0;0;0;0;0;0;0;0;0;0;0;0;0;0;0;0;0;0;0;0;0;0;0;0;0;0;0;0;0;0;0;0;0;0;0;0;0;0;0;0;0;0;0;0;0;0;0;0;0;0;0;0;0;0;0;0;0;0;0;0;0;0;0;0;0;0;0;0;0;0;0;0;0;0;0;0;0;0;0;0;0;0;0;0;0;0;0;0;0;0;0;0;0;0;0;0;0;0;0;0;0;0;0;0;0;0;0;0;0;0;0
C1;S2_C1_0.6_1.2M30cm;0,9;0;0;0;0;0;0;0;0;0;0;0;0;0;0;0;0;0;0;0;0;0;0;0;0;0;0;0;0;0;0;0;0;0;0;0;0;0;0;0;0;0;0;0;0;0;0;0;0;0;0;0;0;0;0;0;0;0;0;0;0;0;0;0;0;0;0;0;0;0;0;0;0;0;0;0;0;0;0;0;0;0;0;0;0;0;0;0;0;0;0;0;0;0;0;0;0;0;0;0;0;0;0;0;0;0;0;0;0;0;0;0;0;0;0;0;0;0;0;0;0;0;0
C1;S2_C1_0.6_1.2B;1,2;0;0;0;0;0;0;0;0;0;0;0;0;0;0;0;0;0;0;0;0;0;0;0;0;0;0;0;0;0;0;0;0;0;0;0;0;0;0;0;0;0;0;0;0;0;0;0;0;0;0;0;0;0;0;0;0;0;0;0;0;0;0;0;0;0;0;0;0;0;0;0;0;0;0;0;0;0;0;0;0;0;0;0;0;0;0;0;0;0;0;0;0;0;0;0;0;0;0;0;0;0;0;0;0;0;0;0;0;0;0;0;0;0;0;0;0;0;0;0;0;0;0
C1;S2_C1_1.2_1.8B50;1,7;0;0;0;0;0;0;0;0;0;0;0;0;0;0;0;0;0;0;0;0;0;0;0;0;0;0;0;0;0;0;0;0;0;0;0;0;0;0;0;0;0;0;0;0;0;0;0;0;0;0;0;0;0;0;0;0;0;0;0;0;0;0;0;0;0;0;0;0;0;0;0;0;0;0;0;0;0;0;0;0;0;0;0;0;0;0;0;0;0;0;0;0;0;0;0;0;0;0;0;0;0;0;0;0;0;0;0;0;0;0;0;0;0;0;0;0;0;0;0;0;0;0
C1;S2_C1_1.2_1.8T;1,9;0;0;0;0;0;0;0;0;0;0;0;0;0;0;0;0;0;0;0;0;0;0;0;0;0;0;0;0;0;0;0;0;0;0;0;0;0;0;0;0;0;0;0;0;0;0;0;0;0;0;0;0;0;0;0;0;0;0;0;0;0;0;0;0;0;0;0;0;0;0;0;0;0;0;0;0;0;0;0;0;0;0;0;0;0;0;0;0;0;0;0;0;0;0;0;0;0;0;0;0;0;0;0;0;0;0;0;0;0;0;0;0;0;0;0;0;0;0;0;0;0;0
C1;S2_C1_2.4_3.0B50;2,9;0;0;0;0;0;0;0;0;0;0;0;0;0;0;0;0;0;0;0;0;0;0;0;0;0;0;0;0;0;0;0;0;0;0;0;0;0;0;0;0;0;0;0;0;0;0;0;0;0;0;0;0;0;0;0;0;0;0;0;0;0;0;0;0;0;0;0;0;0;0;0;0;0;0;0;0;0;0;0;0;0;0;0;0;0;0;0;0;0;0;0;0;0;0;0;0;0;0;0;0;0;0;0;0;0;0;0;0;0;0;0;0;0;0;0;0;0;0;0;0;0;0
C1;S2_C1_2.4_3.0B56;2,96;0;0;0;0;0;0;0;0;0;0;0;0;0;0;0;0;0;0;0;0;0;0;0;0;0;0;0;0;0;0;0;0;0;0;0;0;0;0;0;0;0;0;0;0;0;0;0;0;0;0;0;0;0;0;0;0;0;0;0;0;0;0;0;0;0;0;0;0;0;0;0;0;0;0;0;0;0;0;0;0;0;0;0;0;0;0;0;0;0;0;0;0;0;0;0;0;0;0;0;0;0;0;0;0;0;0;0;0;0;0;0;0;0;0;0;0;0;0;0;0;0;0
C2;S2_C2_3.0-3.6Indet;3,3;0;0;0;0;0;0;0;0;0;0;0;0;0;0;0;0;0;0;0;0;0;0;0;0;0;0;0;0;0;0;0;0;0;0;0;0;0;0;0;0;0;0;0;0;0;0;0;0;0;0;0;0;0;0;0;0;0;0;0;0;0;0;0;0;0;0;0;0;0;0;0;0;0;0;0;0;0;0;0;0;0;0;0;0;0;0;0;0;0;0;0;0;0;0;0;0;0;0;0;0;0;0;0;0;0;0;0;0;0;0;0;0;0;0;0;0;0;0;0;0;0;0
C2;S2_C2_4.2-4.8Indet;4,5;0;0;0;0;0;0;0;0;0;0;0;0;0;0;0;0;0;0;0;0;0;0;0;0;0;0;0;0;0;0;0;0;0;0;0;0;0;0;0;0;0;0;0;0;0;0;0;0;0;0;0;0;0;0;0;0;0;0;0;0;0;0;0;0;0;0;0;0;0;0;0;0;0;0;0;0;0;0;0;0;0;0;0;0;0;0;0;0;0;0;0;0;0;0;0;0;0;0;0;0;0;0;0;0;0;0;0;0;0;0;0;0;0;0;0;0;0;0;0;0;0;0
C2;S2_C2_4.8-5.4T;5,2;0;0;0;0;0;0;0;0;0;0;0;0;0;0;0;0;0;0;0;0;0;0;0;0;0;0;0;0;0;0;0;0;0;0;0;0;0;0;0;0;0;0;0;0;0;0;0;0;0;0;0;0;0;0;0;0;0;0;0;0;0;0;0;0;0;0;0;0;0;0;0;0;0;0;0;0;0;0;0;0;0;0;0;0;0;0;0;0;0;0;0;0;0;0;0;0;0;0;0;0;0;0;0;0;0;0;0;0;0;0;0;0;0;0;0;0;0;0;0;0;0;0
C2;S2_C2_4.8-5.4M45cm;5,25;0;0;0;0;0;0;0;0;0;0;0;0;0;0;0;0;0;0;0;0;0;0;0;0;0;0;0;0;0;0;0;0;0;0;0;0;0;0;0;0;0;0;0;0;0;0;0;0;0;0;0;0;0;0;0;0;0;0;0;0;0;0;0;0;0;0;0;0;0;0;0;0;0;0;0;0;0;0;0;0;0;0;0;0;0;0;0;0;0;0;0;0;0;0;0;0;0;0;0;0;0;0;0;0;0;0;0;0;0;0;0;0;0;0;0;0;0;0;0;0;0;0
C2;S2_C2_4.8-5.4B;5,4;0;0;0;0;0;0;0;0;0;0;0;0;0;0;0;0;0;0;0;0;0;0;0;0;0;0;0;0;0;0;0;0;0;0;0;0;0;0;0;0;0;0;0;0;0;0;0;0;0;0;0;0;0;0;0;0;0;0;0;0;0;0;0;0;0;0;0;0;0;0;0;0;0;0;0;0;0;0;0;0;0;0;0;0;0;0;0;0;0;0;0;0;0;0;0;0;0;0;0;0;0;0;0;0;0;0;0;0;0;0;0;0;0;0;0;0;0;0;0;0;0;0
C2;S2_C2_5.4-6.0T;5,5;0;0;0;0;0;0;0;0;0;0;0;0;0;0;0;0;0;0;0;0;0;0;0;0;0;0;0;0;0;0;0;0;0;0;0;0;0;0;0;0;0;0;0;0;0;0;0;0;0;0;0;0;0;0;0;0;0;0;0;0;0;0;0;0;0;0;0;0;0;0;0;0;0;0;0;0;0;0;0;0;0;0;0;0;0;0;0;0;0;0;0;0;0;0;0;0;0;0;0;0;0;0;0;0;0;0;0;0;0;0;0;0;0;0;0;0;0;0;0;0;0;0
C2;S2_C2_5.4-6.0M30cm;5,7;0;0;0;0;0;0;0;0;0;0;0;0;0;0;0;0;0;0;0;0;0;0;0;0;0;0;0;0;0;0;0;0;0;0;0;0;0;0;0;0;0;0;0;0;0;0;0;0;0;0;0;0;0;0;0;0;0;0;0;0;0;0;0;0;0;0;0;0;0;0;0;0;0;0;0;0;0;0;0;0;0;0;0;0;0;0;0;0;0;0;0;0;0;0;0;0;0;0;0;0;0;0;0;0;0;0;0;0;0;0;0;0;0;0;0;0;0;0;0;0;0;0
C2;S2_C2_5.4-6.0B;6;0;0;0;0;0;0;0;0;0;0;0;0;0;0;0;0;0;0;0;0;0;0;0;0;0;0;0;0;0;0;0;0;0;0;0;0;0;0;0;0;0;0;0;0;0;0;0;0;0;0;0;0;0;0;0;0;0;0;0;0;0;0;0;0;0;0;0;0;0;0;0;0;0;0;0;0;0;0;0;0;0;0;0;0;0;0;0;0;0;0;0;0;0;0;0;0;0;0;0;0;0;0;0;0;0;0;0;0;0;0;0;0;0;0;0;0;0;0;0;0;0;0
C2;S2_C2_6.0-6.6T;6,1;0;0;0;0;0;0;0;0;0;0;0;0;0;0;0;0;0;0;0;0;0;0;0;0;0;0;0;0;0;0;0;0;0;0;0;0;0;0;0;0;0;0;0;0;0;0;0;0;0;0;0;0;0;0;0;0;0;0;0;0;0;0;0;0;0;0;0;0;0;0;0;0;0;0;0;0;0;0;0;0;0;0;0;0;0;0;0;0;0;0;0;0;0;0;0;0;0;0;0;0;0;0;0;0;0;0;0;0;0;0;0;0;0;0;0;0;0;0;0;0;0;0
C2;S2_C2_6.0-6.6M;6,3;0;0;0;0;0;0;0;0;0;0;0;0;0;0;0;0;0;0;0;0;0;0;0;0;0;0;0;0;0;0;0;0;0;0;0;0;0;0;0;0;0;0;0;0;0;0;0;0;0;0;0;0;0;0;0;0;0;0;0;0;0;0;0;0;0;0;0;0;0;0;0;0;0;0;0;0;0;0;0;0;0;0;0;0;0;0;0;0;0;0;0;0;0;0;0;0;0;0;0;0;0;0;0;0;0;0;0;0;0;0;0;0;0;0;0;0;0;0;0;0;0;0
C2;S2_C2_6.0-6.6B;6,6;0;0;0;0;0;0;0;0;0;0;0;0;0;0;0;0;0;0;0;0;0;0;0;0;0;0;0;0;0;0;0;0;0;0;0;0;0;0;0;0;0;0;0;0;0;0;0;0;0;0;0;0;0;0;0;0;0;0;0;0;0;0;0;0;0;0;0;0;0;0;0;0;0;0;0;0;0;0;0;0;0;0;0;0;0;0;0;0;0;0;0;0;0;0;0;0;0;0;0;0;0;0;0;0;0;0;0;0;0;0;0;0;0;0;0;0;0;0;0;0;0;0
C3;S2_C3_7.2_7.8T;7,3;0;0;0;0;0;0;0;0;0;0;0;0;0;0;0;0;0;0;0;0;0;0;0;0;0;0;0;0;0;0;0;0;0;0;0;0;0;0;0;0;0;0;0;0;0;0;0;0;0;0;0;0;0;0;0;0;0;0;0;0;0;0;0;0;0;0;0;0;0;0;0;0;0;0;0;0;0;0;0;0;0;0;0;0;0;0;0;0;0;0;0;0;0;0;0;0;0;0;0;0;0;0;0;0;0;0;0;0;0;0;0;0;0;0;0;0;0;0;0;0;0;0
C3;S2_C3_7.2-7.8M;7,5;0;0;0;0;0;0;0;0;0;0;0;0;0;0;0;0;0;0;0;0;0;0;0;0;0;0;0;0;0;0;0;0;0;0;0;0;0;0;0;0;0;0;0;0;0;0;0;0;0;0;0;0;0;0;0;0;0;0;0;0;0;0;0;0;0;0;0;0;0;0;0;0;0;0;0;0;0;0;0;0;0;0;0;0;0;0;0;0;0;0;0;0;0;0;0;0;0;0;0;0;0;0;0;0;0;0;0;0;0;0;0;0;0;0;0;0;0;0;0;0;0;0
C3;S2_C3_7.8_8.4T;7,8;0;0;0;0;0;0;0;0;0;0;0;0;0;0;0;0;0;0;0;0;0;0;0;0;0;0;0;0;0;0;0;0;0;0;0;0;0;0;0;0;0;0;0;0;0;0;0;0;0;0;0;0;0;0;0;0;0;0;0;0;0;0;0;0;0;0;0;0;0;0;0;0;0;0;0;0;0;0;0;0;0;0;0;0;0;0;0;0;0;0;0;0;0;0;0;0;0;0;0;0;0;0;0;0;0;0;0;0;0;0;0;0;0;0;0;0;0;0;0;0;0;0
C3;S2_C3_7.2_7.8B;7,9;0;0;0;0;0;0;0;0;0;0;0;0;0;0;0;0;0;0;0;0;0;0;0;0;0;0;0;0;0;0;0;0;0;0;0;0;0;0;0;0;0;0;0;0;0;0;0;0;0;0;0;0;0;0;0;0;0;0;0;0;0;0;0;0;0;0;0;0;0;0;0;0;0;0;0;0;0;0;0;0;0;0;0;0;0;0;0;0;0;0;0;0;0;0;0;0;0;0;0;0;0;0;0;0;0;0;0;0;0;0;0;0;0;0;0;0;0;0;0;0;0;0
C3;S2_C3_7.8_8.4M;8,1;0;0;0;0;0;0;0;0;0;0;0;0;0;0;0;0;0;0;0;0;0;0;0;0;0;0;0;0;0;0;0;0;0;0;0;0;0;0;0;0;0;0;0;0;0;0;0;0;0;0;0;0;0;0;0;0;0;0;0;0;0;0;0;0;0;0;0;0;0;0;0;0;0;0;0;0;0;0;0;0;0;0;0;0;0;0;0;0;0;0;0;0;0;0;0;0;0;0;0;0;0;0;0;0;0;0;0;0;0;0;0;0;0;0;0;0;0;0;0;0;0;0
C3;S2_C3_7.8-8.4B;8,4;0;0;0;0;0;0;0;0;0;0;0;0;0;0;0;0;0;0;0;0;0;0;0;0;0;0;0;0;0;0;0;0;0;0;0;0;0;0;0;0;0;0;0;0;0;0;0;0;0;0;0;0;0;0;0;0;0;0;0;0;0;0;0;0;0;0;0;0;0;0;0;0;0;0;0;0;0;0;0;0;0;0;0;0;0;0;0;0;0;0;0;0;0;0;0;0;0;0;0;0;0;0;0;0;0;0;0;0;0;0;0;0;0;0;0;0;0;0;0;0;0;0
C3;S2_C3_8.4-9.0T;8,5;0;0;0;0;0;0;0;0;0;0;0;0;0;0;0;0;0;0;0;0;0;0;0;0;0;0;0;0;0;0;0;0;0;0;0;0;0;0;0;0;0;0;0;0;0;0;0;0;0;0;0;0;0;0;0;0;0;0;0;0;0;0;0;0;0;0;0;0;0;0;0;0;0;0;0;0;0;0;0;0;0;0;0;0;0;0;0;0;0;0;0;0;0;0;0;0;0;0;0;0;0;0;0;0;0;0;0;0;0;0;0;0;0;0;0;0;0;0;0;0;0;0
C3;S2_C3_8.4-9.0M;8,7;0;0;0;0;0;0;0;0;0;0;0;0;0;0;0;0;0;0;0;0;0;0;0;0;0;0;0;0;0;0;0;0;0;0;0;0;0;0;0;0;0;0;0;0;0;0;0;0;0;0;0;0;0;0;0;0;0;0;0;0;0;0;0;0;0;0;0;0;0;0;0;0;0;0;0;0;0;0;0;0;0;0;0;0;0;0;0;0;0;0;0;0;0;0;0;0;0;0;0;0;0;0;0;0;0;0;0;0;0;0;0;0;0;0;0;0;0;0;0;0;0;0
C3;S2_C3_8.4-9.0B;9;0;0;0;0;0;0;0;0;0;0;0;0;0;0;0;0;0;0;0;0;0;0;0;0;0;0;0;0;0;0;0;0;0;0;0;0;0;0;0;0;0;0;0;0;0;0;0;0;0;0;0;0;0;0;0;0;0;0;0;0;0;0;0;0;0;0;0;0;0;0;0;0;0;0;0;0;0;0;0;0;0;0;0;0;0;0;0;0;0;0;0;0;0;0;0;0;0;0;0;0;0;0;0;0;0;0;0;0;0;0;0;0;0;0;0;0;0;0;0;0;0;0
C4;S2_C4_9.6_10.2T;9,7;0;0;0;0;0;0;0;0;0;0;0;0;0;0;0;0;0;0;0;0;0;0;0;0;0;0;0;0;0;0;0;0;0;0;0;0;0;0;0;0;0;0;0;0;0;0;0;0;0;0;0;0;0;0;0;0;0;0;0;0;0;0;0;0;0;0;0;0;0;0;0;0;0;0;0;0;0;0;0;0;0;0;0;0;0;0;0;0;0;0;0;0;0;0;0;0;0;0;0;0;0;0;0;0;0;0;0;0;0;0;0;0;0;0;0;0;0;0;0;0;0;0
C4;S2_C4_9.6_10.2M;9,9;0;0;0;0;0;0;0;0;0;0;0;0;0;0;0;0;0;0;0;0;0;0;0;0;0;0;0;0;0;0;0;0;0;0;0;0;0;0;0;0;0;0;0;0;0;0;0;0;0;0;0;0;0;0;0;0;0;0;0;0;0;0;0;0;0;0;0;0;0;0;0;0;0;0;0;0;0;0;0;0;0;0;0;0;0;0;0;0;0;0;0;0;0;0;0;0;0;0;0;0;0;0;0;0;0;0;0;0;0;0;0;0;0;0;0;0;0;0;0;0;0;0
C4;S2_C4_9.6_10.2B52;10,12;0;0;0;0;0;0;0;0;0;0;0;0;0;0;0;0;0;0;0;0;0;0;0;0;0;0;0;0;0;0;0;0;0;0;0;0;0;0;0;0;0;0;0;0;0;0;0;0;0;0;0;0;0;0;0;0;0;0;0;0;0;0;0;0;0;0;0;0;0;0;0;0;0;0;0;0;0;0;0;0;0;0;0;0;0;0;0;0;0;0;0;0;0;0;0;0;0;0;0;0;0;0;0;0;0;0;0;0;0;0;0;0;0;0;0;0;0;0;0;0;0;0
C4;S2_C4_10.2_10.8T;10,3;0;0;0;0;0;0;0;0;0;0;0;0;0;0;0;0;0;0;0;0;1;0;0;0;0;0;0;0;0;1;0;0;0;0;0;0;0;0;0;0;2;0;0;0;0;0;0;0;0;0;0;0;0;0;0;0;0;0;0;0;0;0;0;0;0;0;0;0;0;0;0;0;0;0;0;0;0;0;0;0;0;0;0;0;0;1;0;0;0;0;0;0;0;0;0;0;0;0;0;0;0;0;0;0;0;0;0;0;0;0;0;0;0;0;0;0;1;0;0;0;0;0
C4;S2_C4_10.2_10.8M;10,5;0;0;0;0;0;0;0;0;0;0;0;0;0;0;0;0;0;0;0;0;0;0;0;0;0;0;0;0;0;0;0;0;0;0;0;0;0;0;0;0;0;0;0;0;0;0;0;0;0;0;0;0;0;0;0;0;0;0;0;0;0;0;0;0;0;0;0;0;0;0;0;0;0;0;0;0;0;0;0;0;0;0;0;0;0;0;0;0;0;0;0;0;0;0;0;0;0;0;0;0;0;0;0;0;0;0;0;0;0;0;0;0;0;0;0;0;0;0;0;0;0;0
C4;S2_C4_10.2_10.8B;10,8;0;0;0;0;0;0;0;0;0;0;0;0;0;0;0;0;0;0;0;0;0;0;0;0;0;0;0;0;0;0;0;0;0;0;0;0;0;0;0;0;0;0;0;0;0;0;0;0;0;0;0;0;0;0;0;0;0;0;0;0;0;0;0;0;0;0;0;0;0;0;0;0;0;0;0;0;0;0;0;0;0;0;0;0;0;0;0;0;0;0;0;0;0;0;0;0;0;0;0;0;0;0;0;0;0;0;0;0;0;0;0;0;0;0;0;0;0;0;0;0;0;0
C4;S2_C4_10.8_11.4T;10,9;0;0;0;0;0;0;0;0;0;0;0;0;0;0;0;0;0;0;0;0;0;0;0;0;0;0;0;0;0;0;0;0;0;0;0;0;0;0;0;0;0;0;0;0;0;0;0;0;0;0;0;0;0;0;0;0;0;0;0;0;0;0;0;0;0;0;0;0;0;0;0;0;0;0;0;0;0;0;0;0;0;0;0;0;0;0;0;0;0;0;0;0;0;0;0;0;0;0;0;0;0;0;0;0;0;0;0;0;0;0;0;0;0;0;0;0;0;0;0;0;0;0
C4;S2_C4_10.8_11.4M;11,1;0;0;0;0;0;0;0;0;0;0;0;0;0;0;0;0;0;0;0;0;0;0;0;0;0;0;0;0;0;0;0;0;0;0;0;0;0;0;0;0;0;0;0;0;0;0;0;0;0;0;0;0;0;0;0;0;0;0;0;0;0;0;0;0;0;0;0;0;0;0;0;0;0;0;0;0;0;0;0;0;0;0;0;0;0;0;0;0;0;0;0;0;0;0;0;0;0;0;0;0;0;0;0;0;0;0;0;0;0;0;0;0;0;0;0;0;0;0;0;0;0;0
C4;S2_C4_10.8_11.4B;11,4;0;0;0;0;0;0;0;0;0;0;0;0;0;0;0;0;0;0;0;0;0;0;0;0;0;0;0;0;0;0;0;0;0;0;0;0;0;0;0;0;0;0;0;0;0;0;0;0;0;0;0;0;0;0;0;0;0;0;0;0;0;0;0;0;0;0;0;0;0;0;0;0;0;0;0;0;0;0;0;0;0;0;0;0;0;0;0;0;0;0;0;0;0;0;0;0;0;0;0;0;0;0;0;0;0;0;0;0;0;0;0;0;0;0;0;0;0;0;0;0;0;0
C4;S2_C4_11.4_12.0T;11,5;0;0;0;0;0;0;0;0;0;0;0;0;0;0;0;0;0;0;0;0;1;0;0;0;0;0;0;0;2;0;0;0;0;0;0;0;0;0;0;0;1;0;0;3;0;0;0;0;0;0;0;0;0;0;0;0;0;0;0;0;0;0;0;0;0;0;0;0;0;1;0;0;0;0;0;0;0;0;0;0;0;0;0;0;0;0;0;0;0;0;0;3;0;0;0;0;0;0;0;0;0;0;0;0;0;0;2;0;0;0;0;0;0;0;0;0;0;0;0;0;0;0
C4;S2_C4_11.4_12.0M;11,7;0;0;0;0;0;0;0;0;0;0;0;0;0;0;0;0;0;0;0;0;0;0;0;0;0;0;0;0;0;0;0;0;0;0;0;0;0;0;0;0;0;0;0;0;0;0;0;0;0;0;0;0;0;0;0;0;0;0;0;0;0;0;0;0;0;0;0;0;0;0;0;0;0;0;0;0;0;0;0;0;0;0;0;0;0;0;0;0;0;0;0;0;0;0;0;0;0;0;0;0;0;0;0;0;0;0;0;0;0;0;0;0;0;0;0;0;0;0;0;0;0;0
C4;S2_C4_11.4_12.0B;12;0;0;0;0;0;0;0;0;0;0;0;0;0;0;0;0;0;0;0;0;0;0;0;0;0;0;0;0;0;0;0;0;0;0;0;0;0;0;0;0;0;0;0;0;0;0;0;0;0;0;0;0;0;0;0;0;0;0;0;0;0;0;0;0;0;0;0;0;0;0;0;0;0;0;0;0;0;0;0;0;0;0;0;0;0;0;0;0;0;0;0;0;0;0;0;0;0;0;0;0;0;0;0;0;0;0;0;0;0;0;0;0;0;0;0;0;0;0;0;0;0;0
C5;S2_C5_12.6_13.2T;12,7;0;0;0;0;0;0;0;0;0;0;0;0;0;0;0;0;0;0;0;0;0;0;0;0;0;0;0;0;0;0;0;0;0;0;0;0;0;0;0;0;0;0;0;0;0;0;0;0;0;0;0;0;0;0;0;0;0;0;0;0;0;0;0;0;0;0;0;0;0;0;0;0;0;0;0;0;0;0;0;0;0;0;0;0;0;0;0;0;0;0;0;0;0;0;0;0;0;0;0;0;0;0;0;0;0;0;0;0;0;0;0;0;0;0;0;0;0;0;0;0;0;0
C5;S2_C5_12.6_13.2M;12,9;0;0;0;0;0;0;0;0;0;0;0;0;0;0;0;0;0;0;0;0;1;0;0;0;0;0;0;0;2;0;0;0;0;0;0;0;0;0;0;0;2;0;0;2;0;0;0;0;0;0;0;0;0;0;0;0;0;0;0;0;0;0;0;0;0;0;0;0;0;0;0;0;0;0;0;0;0;0;0;0;0;0;0;0;0;0;0;0;0;0;0;0;0;0;0;0;0;0;0;0;0;0;0;0;0;0;0;0;0;0;0;0;0;0;0;0;0;0;0;0;0;0
C5;S2_C5_12.6_13.2B;13,2;0;0;0;0;0;0;0;0;0;0;0;0;0;0;0;0;0;0;0;0;0;0;0;0;0;0;0;0;0;0;0;0;0;0;0;0;0;0;0;0;0;0;0;0;0;0;0;0;0;0;0;0;0;0;0;0;0;0;0;0;0;0;0;0;0;0;0;0;0;0;0;0;0;0;0;0;0;0;0;0;0;0;0;0;0;0;0;0;0;0;0;0;0;0;0;0;0;0;0;0;0;0;0;0;0;0;0;0;0;0;0;0;0;0;0;0;0;0;0;0;0;0
C5;S2_C5_13.2_13.8T;13,3;0;0;0;0;0;0;0;0;0;0;0;0;0;0;0;0;0;0;0;0;0;0;0;0;0;0;0;0;0;0;0;0;0;0;0;0;0;0;0;0;0;0;0;0;0;0;0;0;0;0;0;0;0;0;0;0;0;0;0;0;0;0;0;0;0;0;0;0;0;0;0;0;0;0;0;0;0;0;0;0;0;0;0;0;0;0;0;0;0;0;0;0;0;0;0;0;0;0;0;0;0;0;0;0;0;0;0;0;0;0;0;0;0;0;0;0;0;0;0;0;0;0
C5;S2_C5_13.2_13.8M;13,5;0;0;0;0;0;0;0;0;0;0;0;0;0;0;0;0;0;0;0;0;0;0;0;0;0;0;0;0;0;0;0;0;0;0;0;0;0;0;0;0;0;0;0;0;0;0;0;0;0;0;0;0;0;0;0;0;0;0;0;0;0;0;0;0;0;0;0;0;0;0;0;0;0;0;0;0;0;0;0;0;0;0;0;0;0;0;0;0;0;0;0;0;0;0;0;0;0;0;0;0;0;0;0;0;0;0;0;0;0;0;0;0;0;0;0;0;0;0;0;0;0;0
C5;S2_C5_13.2_13.8B50cm;13,7;0;0;0;0;0;0;0;0;0;0;0;0;0;0;0;0;0;0;0;0;0;0;0;0;0;0;0;0;0;0;0;0;0;0;0;0;0;0;0;0;0;0;0;0;0;0;0;0;0;0;0;0;0;0;0;0;0;0;0;0;0;0;0;0;0;0;0;0;0;0;0;0;0;0;0;0;0;0;0;0;0;0;0;0;0;0;0;0;0;0;0;0;0;0;0;0;0;0;0;0;0;0;0;0;0;0;0;0;0;0;0;0;0;0;0;0;0;0;0;0;0;0
C5;S2_C5_13.8_14.4T;13,9;0;0;0;0;0;0;0;0;0;0;0;0;0;0;0;0;0;0;0;0;0;0;0;0;0;0;0;0;0;0;0;0;0;0;0;0;0;0;0;0;0;0;0;0;0;0;0;0;0;0;0;0;0;0;0;0;0;0;0;0;0;0;0;0;0;0;0;0;0;0;0;0;0;0;0;0;0;0;0;0;0;0;0;0;0;0;0;0;0;0;0;0;0;0;0;0;0;0;0;0;0;0;0;0;0;0;0;0;0;0;0;0;0;0;0;0;0;0;0;0;0;0
C5;S2_C5_13.8_14.4M;14,1;0;0;0;0;0;0;0;0;0;0;0;0;0;0;0;0;0;0;0;0;0;0;0;0;0;0;0;0;0;0;0;0;0;0;0;0;0;0;0;0;0;0;0;0;0;0;0;0;0;0;0;0;0;0;0;0;0;0;0;0;0;0;0;0;0;0;0;0;0;0;0;0;0;0;0;0;0;0;0;0;0;0;0;0;0;0;0;0;0;0;0;0;0;0;0;0;0;0;0;0;0;0;0;0;0;0;0;0;0;0;0;0;0;0;0;0;0;0;0;0;0;0
C5;S2_C5_13.8_14.4B;14,4;0;0;0;0;0;0;0;0;0;0;0;0;0;0;0;0;0;0;0;0;0;0;0;0;0;0;0;0;0;0;0;0;0;0;0;0;0;0;0;0;0;0;0;0;0;0;0;0;0;0;0;0;0;0;0;0;0;0;0;0;0;0;0;0;0;0;0;0;0;0;0;0;0;0;0;0;0;0;0;0;0;0;0;0;0;0;0;0;0;0;0;0;0;0;0;0;0;0;0;0;0;0;0;0;0;0;0;0;0;0;0;0;0;0;0;0;0;0;0;0;0;0
C5;S2_C5_14.4_15.0T;14,5;0;0;0;0;0;0;0;0;0;0;0;0;0;0;0;0;0;0;0;0;0;0;0;0;0;0;0;0;0;0;0;0;0;0;0;0;0;0;0;0;1;0;0;0;0;0;0;0;0;0;0;0;0;0;0;0;0;0;0;0;0;0;0;0;0;0;0;0;0;0;0;0;0;0;0;0;0;0;0;0;0;0;0;0;0;0;0;0;0;0;1;0;0;0;0;0;0;0;0;0;0;0;0;0;0;0;0;0;0;0;0;0;0;0;0;0;0;0;0;0;0;0
C5;S2_C5_14.4_15.0M;14,7;0;0;4;0;0;0;0;0;0;0;0;0;0;0;0;0;0;0;0;0;0;0;0;0;0;0;0;0;0;0;0;0;0;0;0;0;0;0;0;0;1;0;0;0;0;0;0;0;0;0;0;0;0;0;0;0;0;0;0;0;0;0;0;0;0;0;0;0;0;0;0;0;0;0;0;0;0;0;0;0;0;0;0;0;0;0;0;0;0;0;0;0;0;0;0;0;0;0;0;0;0;0;0;0;0;0;0;0;0;0;0;0;0;0;0;0;1;0;0;0;0;0
C5;S2_C5_14.4_15.0B52cm;14,92;0;0;0;0;0;0;0;0;0;0;0;0;0;0;0;0;0;0;0;0;0;0;0;0;0;0;0;0;0;0;0;0;0;0;0;0;0;0;0;0;0;0;0;0;0;0;0;0;0;0;0;0;0;0;0;0;0;0;0;0;0;0;0;0;0;0;0;0;0;0;0;0;0;0;0;0;0;0;0;0;0;0;0;0;0;0;0;0;0;0;0;0;0;0;0;0;0;0;0;0;0;0;0;0;0;0;0;0;0;0;0;0;0;0;0;0;0;0;0;0;0;0
C6;S2_C6_15.6_16.2T;15,7;0;0;0;0;0;0;0;0;0;0;0;0;0;0;0;0;0;0;0;0;3;0;0;0;0;0;0;0;10;0;0;0;0;0;0;0;0;0;0;0;38;1;0;7;0;0;0;0;0;0;1;0;0;8;0;0;0;4;0;0;0;0;0;0;0;0;0;0;0;0;4;0;0;0;0;0;0;0;0;0;0;0;0;0;0;0;0;0;0;0;2;0;0;0;0;0;0;0;0;0;0;0;0;0;0;0;0;0;0;0;0;0;0;0;0;0;0;0;0;0;1;0
C6;S2_C6_15.6_16.2M;15,9;0;0;0;0;0;0;0;0;0;0;0;0;0;0;0;8;0;0;0;0;74;0;0;0;0;0;16;0;18;106;0;0;0;0;0;0;0;0;0;0;24;3;0;40;6;0;0;4;0;4;0;0;1;7;0;0;0;18;0;0;0;0;0;0;0;0;17;0;0;10;22;0;36;0;2;0;7;0;0;0;0;0;0;0;0;5;0;0;0;0;38;0;0;0;0;0;0;0;0;0;0;0;0;7;0;0;0;0;0;0;0;4;0;0;0;0;0;0;0;0;0;3
C6;S2_C6_15.6_16.2B;16,2;0;0;0;0;0;0;0;0;0;0;0;0;0;0;0;0;0;0;0;0;0;0;0;0;0;0;0;0;0;0;0;0;0;0;0;0;0;0;0;0;0;0;0;0;0;0;0;0;0;0;0;0;0;0;0;0;0;0;0;0;0;0;0;0;0;0;0;0;0;0;0;0;0;0;0;0;0;0;0;0;0;0;0;0;0;0;0;0;0;0;0;0;0;0;0;0;0;0;0;0;0;0;0;0;0;0;0;0;0;0;0;0;0;0;0;0;0;0;0;0;0;0
C6;S2_C6_16.2_16.8T;16,3;0;0;0;0;0;0;0;0;0;0;0;0;0;0;0;0;0;0;0;0;0;0;0;0;0;0;0;0;0;0;0;0;0;0;0;0;0;0;0;0;0;0;0;0;0;0;0;0;0;0;0;0;0;0;0;0;0;0;0;0;0;0;0;0;0;0;0;0;0;0;0;0;0;0;0;0;0;0;0;0;0;0;0;0;0;0;0;0;0;0;0;0;0;0;0;0;0;0;0;0;0;0;0;0;0;0;0;0;0;0;0;0;0;0;0;0;0;0;0;0;0;0
C6;S2_C6_16.2_16.8M;16,5;0;0;0;0;0;0;0;0;0;0;0;0;0;0;0;0;0;0;0;0;0;0;0;0;0;0;0;0;0;0;0;0;0;0;0;0;0;0;0;0;0;0;0;0;0;0;0;0;0;0;0;0;0;0;0;0;0;0;0;0;0;0;0;0;0;0;0;0;0;0;0;0;0;0;0;0;0;0;0;0;0;0;0;0;0;0;0;0;0;0;0;0;0;0;0;0;0;0;0;0;0;0;0;0;0;0;0;0;0;0;0;0;0;0;0;0;0;0;0;0;0;0
C6;S2_C6_16.2_16.8B;16,8;0;0;0;0;0;0;0;0;0;0;0;0;0;0;0;0;0;0;0;0;0;0;0;0;0;0;0;0;0;0;0;0;0;0;0;0;0;0;0;0;0;0;0;0;0;0;0;0;0;0;0;0;0;0;0;0;0;0;0;0;0;0;0;0;0;0;0;0;0;0;0;0;0;0;0;0;0;0;0;0;0;0;0;0;0;0;0;0;0;0;0;0;0;0;0;0;0;0;0;0;0;0;0;0;0;0;0;0;0;0;0;0;0;0;0;0;0;0;0;0;0;0
C6;S2_C6_16.8_17.4T;16,9;0;0;0;0;0;0;0;0;0;0;0;0;0;0;0;0;0;0;0;0;0;0;0;0;0;0;0;0;0;0;0;0;0;0;0;0;0;0;0;0;0;0;0;0;0;0;0;0;0;0;0;0;0;0;0;0;0;0;0;0;0;0;0;0;0;0;0;0;0;0;0;0;0;0;0;0;0;0;0;0;0;0;0;0;0;0;0;0;0;0;0;0;0;0;0;0;0;0;0;0;0;0;0;0;0;0;0;0;0;0;0;0;0;0;0;0;0;0;0;0;0;0
C6;S2_C6_16.8_17.4M;17,1;0;0;0;0;0;0;0;0;0;0;0;0;0;0;0;0;0;0;0;0;0;0;0;0;0;0;0;0;0;0;0;0;0;0;0;0;0;0;0;0;0;0;0;0;0;0;0;0;0;0;0;0;0;0;0;0;0;0;0;0;0;0;0;0;0;0;0;0;0;0;0;0;0;0;0;0;0;0;0;0;0;0;0;0;0;0;0;0;0;0;0;0;0;0;0;0;0;0;0;0;0;0;0;0;0;0;0;0;0;0;0;0;0;0;0;0;0;0;0;0;0;0
C6;S2_C6_16.8_17.4B;17,4;0;0;0;0;0;0;0;0;0;0;0;0;0;0;0;0;0;0;0;0;0;0;0;0;0;0;0;0;0;0;0;0;0;0;0;0;0;0;0;0;0;0;0;0;0;0;0;0;0;0;0;0;0;0;0;0;0;0;0;0;0;0;0;0;0;0;0;0;0;0;0;0;0;0;0;0;0;0;0;0;0;0;0;0;0;0;0;0;0;0;0;0;0;0;0;0;0;0;0;0;0;0;0;0;0;0;0;0;0;0;0;0;0;0;0;0;0;0;0;0;0;0
C6;S2_C6_17.4_18.0T;17,5;0;0;0;0;0;0;0;0;0;0;0;0;0;0;0;0;0;0;0;0;0;0;0;0;0;0;0;0;0;0;0;0;0;0;0;0;0;0;0;0;0;0;0;0;0;0;0;0;0;0;0;0;0;0;0;0;0;0;0;0;0;0;0;0;0;0;0;0;0;0;0;0;0;0;0;0;0;0;0;0;0;0;0;0;0;0;0;0;0;0;0;0;0;0;0;0;0;0;0;0;0;0;0;0;0;0;0;0;0;0;0;0;0;0;0;0;0;0;0;0;0;0
C6;S2_C6_17.4_18.0M;17,7;0;0;0;0;0;0;0;1;0;0;0;0;0;0;0;0;0;0;0;0;2;0;0;0;0;0;0;0;1;2;0;0;0;0;0;0;9;0;0;0;79;18;0;38;3;0;0;0;0;0;0;0;0;1;0;0;1;13;0;0;1;0;0;0;0;12;35;0;0;4;3;0;7;2;4;0;0;0;0;0;0;0;0;0;0;0;0;0;0;0;13;0;0;0;0;0;0;0;18;0;0;0;0;10;0;0;0;0;0;0;0;1;0;0;0;0;0;0;0;0;3;0
C6;S2_C6_17.4_18.0B;18;0;0;0;0;0;0;0;0;0;0;0;0;0;0;0;0;0;0;0;0;35;0;0;0;0;0;3;0;2;1;0;0;0;0;0;0;16;0;0;0;94;10;0;13;6;0;0;0;0;0;0;0;0;0;0;0;1;13;0;0;0;0;0;0;0;21;23;0;0;0;2;0;10;0;2;0;1;0;0;0;0;0;0;0;0;0;0;0;0;0;4;8;0;0;0;0;0;0;28;0;0;0;0;0;0;0;0;0;0;0;0;0;0;0;0;0;0;0;0;0;8;2
C7;S2_C7_18.6_19.2T;18,7;2;0;0;0;0;0;0;0;0;0;0;0;0;0;0;0;0;0;0;0;39;0;0;0;0;0;0;0;6;12;0;0;0;1;0;0;1;0;0;0;0;50;0;8;0;0;0;0;0;3;0;0;0;3;0;0;0;2;0;0;0;0;0;0;0;0;0;0;0;0;41;0;0;0;1;0;0;1;0;0;0;0;0;0;0;0;0;0;0;0;2;0;0;0;0;0;0;1;0;0;0;0;0;0;0;0;0;0;0;0;0;0;0;3;0;0;0;0;0;0;3;0
C7;S2_C7_18.6_19.2M15cm;18,75;0;0;0;0;0;0;0;0;0;0;0;0;0;0;0;0;0;0;0;0;40;0;0;0;0;0;2;3;3;31;0;0;0;0;0;0;0;2;0;0;20;21;0;4;0;0;0;0;1;0;0;0;0;5;0;0;0;1;1;0;3;0;0;0;0;0;0;0;2;17;0;0;4;0;1;0;1;0;0;0;0;0;0;0;0;8;0;0;0;0;4;3;0;1;0;0;2;0;0;0;0;0;0;0;0;0;0;0;5;0;0;0;0;5;0;0;0;0;0;0;3;0
C7;S2_C7_18.6_19.2M30cm;18,9;4;0;0;0;0;0;0;0;0;0;0;0;0;0;0;0;0;0;0;0;24;0;0;0;0;0;5;0;5;40;0;0;0;3;0;0;0;0;0;0;0;35;0;2;0;0;0;0;0;1;0;0;0;15;1;0;1;7;0;0;0;0;0;0;2;5;0;0;0;0;42;0;0;9;0;0;0;0;0;0;0;0;0;0;0;0;0;0;0;0;12;0;0;0;0;0;0;0;0;0;0;0;0;3;0;18;0;0;0;0;0;0;0;0;0;0;0;0;0;0;5;0
C7;S2_C7_18.6_19.2M45cm;19,05;11;0;0;0;0;0;0;0;0;0;0;0;0;0;0;0;0;0;0;0;25;0;0;0;1;0;4;0;27;68;0;0;0;2;0;0;0;11;0;0;0;20;0;16;0;0;0;0;0;0;1;4;0;12;0;0;0;28;0;0;1;0;0;0;0;0;0;0;0;0;26;0;4;13;0;0;0;0;0;0;0;0;0;0;0;0;1;0;2;0;5;7;0;1;0;0;0;0;0;0;0;0;2;6;0;10;0;0;0;0;0;0;0;0;0;0;0;1;1;0;2;5
C7;S2_C7_18.6_19.2B;19,2;0;0;1;0;0;0;0;0;0;0;0;0;0;0;0;0;0;0;0;0;3;0;0;0;0;0;0;0;0;0;0;0;0;0;0;0;0;0;0;0;10;2;0;1;0;0;0;0;0;0;0;0;0;3;0;0;0;5;0;0;0;0;0;0;0;0;0;0;3;0;5;0;3;0;0;0;0;0;0;0;0;0;0;0;0;0;0;0;0;0;0;0;0;0;0;0;0;0;0;0;0;0;0;0;0;0;0;0;0;0;0;0;0;0;0;0;0;0;0;0;0;0
C7;S2_C7_19.2_19.8T;19,3;0;0;0;0;0;0;0;0;0;0;0;1;0;0;0;0;0;0;0;0;0;0;0;0;0;0;0;0;0;0;0;0;0;0;0;0;0;0;0;0;0;0;0;0;0;0;0;0;0;0;0;0;0;0;0;0;0;0;0;0;0;0;0;0;0;0;0;0;0;0;0;0;0;0;0;0;0;0;0;0;0;0;0;0;0;0;0;0;0;0;1;0;0;0;0;0;0;0;0;0;0;0;0;0;0;0;0;0;0;0;0;0;0;0;0;0;0;0;0;0;0;0
C7;S2_C7_19.2_19.8M15cm;19,35;0;0;0;0;0;0;0;3;0;0;0;0;4;0;0;0;0;0;0;0;20;0;0;0;0;0;2;0;8;1;0;0;0;0;0;0;19;0;0;0;3;45;0;0;1;0;0;0;0;0;0;0;0;3;0;0;1;0;0;0;0;0;0;0;0;1;5;0;0;8;0;0;26;0;1;0;0;0;0;0;0;0;0;0;0;0;0;0;0;0;0;0;0;0;0;1;5;0;0;0;0;0;0;2;0;0;0;0;0;0;0;0;0;0;0;0;0;0;0;0;0;0
C7;S2_C7_19.2_19.8M30cm;19,5;0;0;0;0;0;3;2;1;0;0;0;0;3;0;0;0;0;0;0;0;3;0;0;0;0;0;0;0;2;0;0;0;0;0;0;0;0;0;0;0;2;39;0;0;38;0;0;0;0;0;0;0;0;0;0;0;1;0;0;0;0;0;0;0;0;0;7;0;0;3;1;0;74;0;0;0;0;0;0;0;0;0;0;0;0;0;0;0;0;0;8;0;0;0;0;0;0;0;0;0;0;0;0;0;0;0;0;0;0;0;0;0;0;0;0;0;0;0;0;0;0;0
C7;S2_C7_19.2_19.8M45cm;19,65;0;0;0;0;0;0;0;1;0;0;0;0;0;0;0;0;0;0;0;0;1;0;0;0;0;0;0;0;0;0;0;0;0;0;0;1;0;0;0;0;13;3;0;0;0;0;0;0;0;0;0;0;0;0;0;0;0;0;0;0;0;0;0;0;0;0;0;0;0;0;0;0;0;0;0;0;0;0;0;0;0;0;0;0;0;0;0;0;0;0;0;0;0;0;0;0;0;0;0;0;0;0;0;0;0;0;0;0;0;0;0;0;0;0;0;0;0;0;0;0;0;0
C7;S2_C7_19.2_19.8B54cm;19,8;0;0;0;0;0;0;0;0;0;0;0;0;0;0;0;0;0;0;0;0;1;0;0;0;0;0;0;0;0;0;0;0;0;0;0;0;2;0;0;0;1;0;0;0;3;0;0;0;0;1;0;0;0;0;0;0;0;0;0;0;0;0;0;0;0;0;0;0;0;1;0;0;3;0;0;0;0;0;0;0;0;0;0;0;0;0;0;0;0;0;0;0;0;0;0;0;0;0;0;0;0;0;0;0;0;0;0;0;0;0;0;0;0;0;0;0;0;0;0;0;0;0
C8;S2_C8_21.6_22.2T;21,7;0;0;0;4;0;0;0;15;0;0;0;2;0;0;0;0;0;0;0;0;16;0;0;0;0;0;1;0;6;5;0;0;0;0;0;0;12;0;0;0;9;25;0;3;3;0;0;1;0;0;2;0;0;8;0;2;1;13;0;7;0;0;0;1;0;0;75;0;0;9;0;0;96;3;0;0;1;0;0;0;0;0;0;0;0;4;0;0;0;0;2;0;0;0;3;0;20;0;0;0;0;0;8;3;0;0;0;0;1;0;0;0;0;0;0;0;0;1;0;0;101;5
C8;S2_C8_21.6_22.2M15;21,75;0;0;0;6;0;3;0;9;0;0;0;0;0;0;0;0;0;0;0;0;32;0;0;0;0;0;1;8;8;13;0;0;0;0;0;4;10;0;0;0;12;32;0;0;0;0;0;0;0;1;0;1;0;4;0;3;1;20;0;2;0;0;0;1;0;0;41;0;0;1;0;0;43;2;0;0;2;0;0;0;0;0;0;0;0;0;0;0;0;0;1;0;0;0;1;0;1;0;0;0;0;0;0;1;0;0;0;0;0;0;0;0;0;0;0;0;0;0;0;0;16;0
C8;S2_C8_21.6_22.2M30;21,9;0;0;0;0;0;13;2;0;0;0;0;6;0;0;0;0;0;0;0;0;43;0;0;0;0;0;8;0;29;12;0;0;0;0;0;0;15;0;0;0;0;31;0;0;6;0;0;0;0;0;0;0;0;1;0;0;0;13;0;1;1;0;0;0;0;0;0;0;0;10;31;0;42;1;7;0;5;0;0;0;0;26;0;0;0;2;0;0;0;0;5;2;0;2;0;0;30;0;0;0;0;0;2;7;0;0;0;0;1;0;0;0;0;0;0;0;0;0;0;0;47;3
C8;S2_C8_21.6_22.2M45;22,05;0;0;0;0;0;4;0;7;0;0;0;2;0;0;0;0;0;0;1;0;6;0;0;0;0;0;0;0;16;0;0;0;0;0;0;0;6;0;0;0;40;72;0;3;6;0;0;0;1;0;0;1;0;3;1;0;0;6;0;0;0;0;0;0;0;0;43;0;0;20;67;0;3;0;4;0;0;0;0;0;0;0;0;0;0;0;0;0;0;0;0;0;0;0;0;0;3;0;0;0;0;0;0;0;0;0;0;0;0;0;0;0;0;0;0;0;0;0;0;0;4;3
C8;S2_C8_21.6_22.2B;22,2;0;0;0;2;0;10;0;5;0;0;0;2;0;0;0;0;0;0;0;0;7;0;0;0;0;0;1;0;10;0;0;0;0;0;0;0;10;0;0;0;23;53;0;0;11;0;0;1;0;0;1;0;0;0;0;0;1;5;0;0;0;0;0;0;0;0;73;0;0;23;71;0;7;1;6;0;2;0;0;0;0;0;0;0;0;0;0;0;0;0;0;0;0;0;0;0;6;0;1;0;0;0;0;10;0;0;0;0;0;0;0;0;0;0;0;0;0;0;0;0;12;0
C8;S2_C8_22.2_22.8T;22,3;0;0;0;1;0;13;1;4;0;0;0;0;0;0;0;0;0;0;1;0;14;0;0;0;0;0;0;0;6;0;0;0;0;0;0;6;0;0;0;0;6;36;1;0;4;0;0;0;0;0;0;0;0;0;0;0;0;1;0;0;0;0;0;0;0;0;45;0;0;17;94;0;10;1;4;0;0;0;0;0;0;0;0;0;0;0;0;0;0;0;1;0;0;0;1;0;2;0;0;0;0;0;0;9;0;0;0;0;0;0;0;0;0;0;0;0;0;0;0;0;15;2
C8;S2_C8_22.2_22.8M15;22,35;0;0;0;0;0;14;0;1;0;0;0;0;0;0;0;0;0;0;0;0;5;0;0;0;0;0;0;0;13;0;0;0;0;0;0;5;0;0;0;0;57;51;0;0;1;0;0;1;0;0;0;0;0;0;1;0;0;3;0;1;0;0;0;0;0;0;54;0;0;14;66;0;23;1;12;0;4;0;0;0;0;0;0;0;0;1;0;0;0;0;2;0;0;0;1;0;3;0;0;0;0;0;0;1;0;0;0;0;0;0;0;0;0;0;0;0;0;0;0;0;17;2
C8;S2_C8_22.2_22.8M30;22,5;0;0;0;1;0;4;0;0;0;0;0;0;0;0;0;0;0;0;0;0;3;0;0;0;0;0;0;0;2;0;0;0;0;0;0;3;3;0;0;0;17;75;1;0;4;0;0;0;0;0;0;0;0;0;0;0;3;16;0;1;0;0;0;0;0;0;41;0;0;37;96;0;17;1;14;0;0;0;0;0;0;0;0;0;0;0;0;0;0;0;2;0;0;0;0;0;1;0;0;0;0;0;0;2;0;0;0;0;0;0;0;0;0;0;0;0;0;0;0;0;20;2
C8;S2_C8_22.2_22.8M45;22,65;0;0;0;0;0;11;0;0;0;0;0;0;0;0;0;0;0;0;0;0;19;0;0;0;0;0;1;0;2;0;0;0;0;0;0;0;24;0;0;0;0;56;0;0;0;0;0;0;0;0;0;0;0;1;0;0;0;2;0;0;0;0;0;0;0;0;0;0;0;13;52;0;2;0;3;0;0;0;0;0;0;17;0;0;0;0;0;0;0;0;0;0;0;0;0;0;0;0;0;0;0;0;1;0;0;0;0;0;0;0;0;0;0;0;0;0;0;0;0;0;39;0
C8;S2_C8_22.8_23.4T;22,8;0;0;0;0;0;21;0;18;1;0;1;0;0;0;0;0;0;0;0;0;26;0;0;1;0;0;6;0;10;5;0;0;0;0;0;0;19;0;0;0;17;31;0;0;1;0;0;0;0;0;0;0;0;3;0;0;0;5;0;0;0;0;0;0;0;0;39;0;0;22;48;0;22;0;16;0;2;0;0;0;0;0;0;0;1;0;0;0;0;0;1;0;0;0;2;0;0;0;0;0;0;0;0;6;0;0;0;0;0;0;0;0;0;0;0;0;0;0;0;0;32;0
C8;S2_C8_22.2_22.8B;22,9;0;0;0;0;0;3;0;4;0;0;0;0;0;0;0;0;0;0;0;0;8;0;0;0;0;0;1;0;3;0;0;0;0;0;0;0;5;0;0;0;61;51;0;0;3;0;0;1;0;0;2;0;0;0;0;1;3;11;0;1;0;0;0;0;0;0;63;0;0;25;66;0;21;3;0;0;0;0;0;0;0;0;0;0;0;0;0;0;0;0;0;1;0;0;0;0;13;0;0;0;0;0;2;3;0;0;0;0;0;0;0;0;0;0;0;0;0;0;0;0;30;0
C8;S2_C8_22.8_23.4M15;22,95;0;0;0;0;0;6;0;12;0;0;0;0;0;0;0;0;0;0;0;0;2;0;0;0;0;0;0;0;2;0;0;0;0;0;0;0;3;0;0;0;19;43;0;0;0;0;0;0;0;0;0;0;0;0;0;0;3;7;0;0;0;0;0;0;0;0;27;0;0;27;48;0;6;0;10;0;0;0;0;0;0;1;0;0;0;0;0;0;0;0;1;1;0;0;0;0;4;1;0;0;0;0;0;2;0;0;0;0;1;0;0;0;0;0;0;0;0;0;0;0;17;1
C8;S2_C8_22.8_23.4M30;23,1;0;0;0;0;0;0;0;7;0;0;0;0;0;0;0;0;0;0;0;0;5;0;0;0;0;0;1;0;3;0;0;0;0;0;0;0;3;0;0;0;19;15;0;0;1;0;0;0;1;0;0;0;0;0;0;0;0;5;0;0;0;0;0;0;0;0;61;0;0;19;62;0;5;0;13;0;0;0;0;0;0;0;0;0;0;0;0;0;0;0;0;0;0;1;0;0;3;0;0;0;0;0;5;0;0;0;0;0;0;0;0;0;0;0;0;0;0;0;0;0;25;0
C8;S2_C8_22.8_23.4M45;23,25;0;0;0;0;0;7;0;30;0;0;0;0;0;0;0;1;0;0;0;0;50;0;0;0;0;0;9;0;15;7;0;0;0;0;0;0;12;0;0;0;7;20;2;0;0;0;0;0;0;0;0;1;0;1;0;0;0;5;0;2;0;0;0;0;0;0;65;0;0;8;40;0;15;2;8;0;2;0;0;0;0;0;0;0;0;2;0;0;0;0;0;0;0;1;1;0;17;0;0;0;0;0;1;7;0;0;0;1;0;0;0;4;0;0;0;0;0;0;0;0;18;2
C8;S2_C8_23.4_24.0T;23,4;0;0;0;0;0;4;0;0;0;0;0;0;0;0;0;0;0;0;0;0;14;0;0;0;0;0;1;0;2;10;0;0;0;0;0;0;11;0;0;0;0;60;0;0;1;0;0;0;0;0;0;0;1;3;0;0;1;6;0;1;0;0;0;0;0;0;0;0;0;24;57;0;11;0;2;0;1;0;0;0;0;21;0;0;0;0;0;0;0;0;0;0;0;0;0;0;13;0;0;0;0;0;1;1;0;0;0;0;0;0;0;0;0;0;0;0;0;0;0;0;22;0
C8;S2_C8_22.8_23.4B;23,5;0;0;0;0;0;26;0;0;0;0;0;0;0;0;0;1;0;0;0;0;25;0;0;0;2;0;5;0;5;13;0;0;0;0;0;0;15;0;0;0;6;60;0;0;7;0;0;1;0;0;0;5;0;0;0;1;0;0;0;2;1;0;0;0;0;0;30;0;0;51;105;0;11;0;28;0;0;0;0;0;0;0;0;0;0;0;0;0;0;0;4;2;0;0;0;0;17;0;0;0;0;0;0;3;0;0;0;0;2;0;0;0;0;0;0;0;0;0;0;0;12;0
C8;S2_C8_23.4_24.0M15;23,55;0;0;0;0;0;26;0;0;0;0;0;9;0;0;0;0;0;0;0;0;54;0;0;0;1;0;8;0;43;6;0;0;0;0;0;0;9;0;0;0;4;51;0;1;3;0;0;0;0;0;0;0;0;0;0;0;1;2;0;1;0;0;0;0;0;0;0;0;0;16;72;0;33;0;1;0;7;0;0;0;0;10;0;0;0;0;0;0;0;0;1;1;0;1;0;0;5;0;1;0;1;0;1;5;0;0;0;0;2;0;0;0;0;0;0;0;0;0;0;0;10;0
C8;S2_C8_23.4_24.0M30;23,7;0;0;0;0;0;11;0;0;0;0;0;0;0;0;0;0;0;0;0;0;6;0;0;0;0;0;3;0;7;5;0;0;0;0;0;10;0;0;1;0;14;21;0;0;0;1;0;0;0;0;0;0;0;0;0;0;0;18;0;0;0;0;0;0;0;0;6;0;0;0;89;0;60;2;3;0;0;0;0;0;0;0;0;0;0;0;0;0;0;0;10;0;0;0;0;1;9;0;0;0;0;0;5;1;0;0;1;0;1;0;0;0;0;0;0;0;0;0;0;0;44;1
C8;S2_C8_23.4_24.0M45;23,85;0;0;0;0;0;31;1;3;0;0;0;3;0;0;0;0;0;0;0;0;8;0;0;0;0;0;0;0;3;3;0;0;0;0;0;0;7;0;0;0;36;33;0;1;16;0;0;0;0;0;0;0;0;1;0;0;0;7;0;3;0;0;0;0;0;0;17;2;0;21;60;0;47;22;0;0;33;0;0;0;0;0;0;0;0;0;0;0;0;0;1;0;0;0;1;0;6;0;2;0;0;0;1;1;0;0;1;0;0;0;0;0;0;0;0;0;0;0;0;0;30;3
C8;S2_C8_23.4_24.0B;24;0;0;0;0;0;57;0;1;0;0;0;10;0;0;0;0;0;0;0;0;39;0;0;0;0;0;1;0;10;5;0;0;0;0;0;0;18;0;0;0;2;42;0;0;2;0;0;0;0;0;0;0;0;1;0;0;0;22;0;2;0;0;0;0;0;0;20;0;0;8;104;0;32;2;0;0;0;0;0;0;0;0;0;0;0;3;0;0;0;0;7;0;0;4;1;0;13;0;7;0;0;0;1;6;0;0;0;0;2;0;0;0;0;0;0;0;0;0;0;0;35;2
C9;S2_C9_24.6_25.2T;24,7;0;0;0;0;0;21;0;0;0;0;0;0;0;0;0;0;0;0;0;0;16;0;0;0;0;0;1;0;0;6;0;0;0;0;0;0;2;0;0;0;0;67;0;0;3;0;0;0;0;1;2;0;0;7;0;0;0;6;0;0;0;0;0;0;0;0;0;0;0;15;81;0;1;2;6;0;0;0;0;0;0;0;0;0;0;1;0;0;0;0;28;0;0;0;0;0;38;0;5;0;0;0;6;2;0;7;0;0;4;0;0;0;0;0;0;0;0;0;0;0;6;4
C9;S2_C9_24.6_25.2M15;24,75;0;0;0;0;0;93;4;2;0;0;0;3;0;0;0;0;0;0;0;0;23;0;0;0;0;0;3;0;16;18;0;0;0;0;0;0;17;0;0;0;31;24;0;0;0;0;0;0;1;0;3;0;0;0;10;0;2;61;0;0;0;0;0;0;0;0;0;0;0;22;101;0;1;12;0;0;2;0;0;0;0;11;0;0;0;0;0;0;1;0;3;0;0;1;1;0;15;0;3;0;0;0;8;6;0;0;0;0;0;0;0;0;0;0;0;0;0;0;0;0;34;0
C9;S2_C9_24.6_25.2M30;24,9;0;0;0;0;0;45;0;0;0;0;0;3;0;0;0;0;0;0;0;0;21;0;0;0;0;0;4;0;17;7;0;0;0;0;0;0;2;0;0;0;0;53;0;0;3;0;0;0;0;2;0;0;0;0;0;0;0;9;0;2;0;0;0;0;0;0;4;0;0;46;133;0;0;11;27;0;0;0;0;0;0;0;0;0;1;0;0;0;0;0;0;0;0;0;0;0;1;0;0;0;0;0;1;6;0;0;0;0;0;0;0;0;0;0;0;0;0;0;0;0;24;2
C9;S2_C9_24.6_25.2M45;25,05;0;0;0;0;0;38;0;2;0;0;0;5;0;0;0;0;0;0;0;0;7;0;0;0;0;0;5;0;16;1;0;0;0;0;0;0;3;0;0;0;1;28;0;0;0;0;0;0;0;0;0;0;0;1;0;0;0;23;0;3;0;0;0;0;0;0;0;0;2;7;70;0;0;15;0;0;1;0;0;0;0;0;0;0;0;0;0;0;0;0;0;0;0;0;0;0;0;1;0;0;0;0;0;3;0;0;0;0;0;0;0;0;0;0;0;0;0;0;0;0;20;1
C9;S2_C9_24.6_25.2B;25,2;0;0;0;0;0;30;0;0;0;0;0;0;0;0;0;0;0;0;0;0;10;0;0;0;0;0;0;0;10;2;0;0;0;0;0;0;2;0;0;0;34;51;0;0;1;0;0;2;0;5;0;0;0;0;0;0;3;5;0;0;2;0;0;0;0;0;10;0;0;40;126;0;1;1;0;0;0;0;0;0;0;0;0;0;0;3;0;0;0;0;17;1;0;2;0;0;19;1;1;0;0;0;1;16;0;0;0;0;0;0;0;0;0;0;0;0;0;0;0;0;30;2
C9;S2_C9_25.2_25.8T;25,3;0;0;0;0;0;50;0;0;0;0;0;0;0;0;0;0;0;0;0;0;30;0;0;0;0;0;5;0;6;5;2;0;0;0;0;21;0;0;0;0;0;59;0;0;0;0;0;0;2;1;0;0;0;0;0;0;0;10;0;0;0;0;0;0;0;0;6;0;0;55;123;0;24;2;21;0;6;0;0;0;0;0;0;0;0;2;0;0;0;0;0;6;3;0;0;5;21;0;2;0;0;0;1;2;0;0;1;0;0;0;0;0;0;0;0;0;0;0;0;0;49;3
C9;S2_C9_25.2_25.8M15;25,35;0;0;0;0;0;47;9;0;0;0;0;2;0;0;0;0;0;0;0;0;36;0;0;0;0;0;0;0;10;5;0;0;0;0;0;0;5;0;0;0;81;35;0;0;0;0;0;0;0;0;0;0;0;1;0;0;0;23;0;0;1;0;0;0;0;0;0;0;0;30;124;0;0;47;0;0;3;0;0;1;0;3;0;0;0;0;0;0;0;0;1;0;0;1;0;0;2;0;5;0;0;0;1;3;0;0;0;0;1;0;0;0;0;0;0;0;0;0;0;0;17;0
C9;S2_C9_25.2_25.8M30;25,5;0;0;0;0;0;29;12;0;0;0;0;0;0;0;0;0;0;0;0;0;10;0;0;0;2;0;3;0;29;8;0;0;0;0;0;0;8;0;0;0;37;22;0;0;2;1;0;0;0;0;0;2;0;0;0;0;0;13;0;0;1;0;0;0;0;0;3;0;0;11;160;0;1;15;7;0;6;0;0;0;0;1;0;0;0;1;0;0;0;0;0;1;0;0;0;0;4;0;4;0;0;0;1;0;0;0;1;0;0;0;0;0;0;0;0;0;0;0;0;0;20;0
C9;S2_C9_25.2_25.8M45cm;25,65;0;0;0;0;0;45;0;0;0;0;0;0;0;0;0;0;0;0;0;0;3;0;0;0;0;0;0;0;10;1;4;0;0;0;0;0;1;0;0;0;0;85;0;0;5;0;0;0;0;0;0;0;0;0;3;0;1;4;0;0;0;0;0;0;0;0;1;0;0;32;84;0;8;23;3;0;5;0;0;0;0;0;0;0;0;0;0;0;0;0;2;0;0;0;0;0;24;0;21;0;0;0;1;1;0;0;1;0;0;0;0;0;0;0;1;0;0;0;0;0;24;0
C9;S2_C9_25.2_25.8B;25,8;0;0;0;0;0;37;1;0;0;0;0;3;0;0;0;0;0;0;0;0;27;0;0;0;0;0;0;0;11;4;0;0;0;0;0;0;8;0;0;0;73;10;0;0;2;0;0;0;0;0;0;0;0;3;1;0;0;12;0;0;1;0;0;0;0;0;0;0;0;16;149;0;3;4;4;0;1;0;0;0;0;7;0;0;0;0;0;0;0;0;0;0;0;0;0;0;1;0;3;0;0;0;1;3;0;0;4;0;0;0;0;0;0;0;0;0;0;0;0;0;10;0
C9;S2_C9_25.8_26.4T;25,9;0;0;0;0;0;11;0;3;0;0;0;3;0;0;0;0;0;0;0;0;17;0;0;0;0;0;1;0;26;5;0;0;0;0;0;1;0;0;0;0;44;25;0;0;0;0;0;2;0;1;0;0;0;3;6;0;0;32;1;0;0;0;0;0;0;0;18;4;0;2;75;0;89;24;1;0;4;0;0;0;0;0;0;0;0;0;0;0;0;0;1;0;0;0;0;0;1;0;12;0;0;0;1;1;0;0;0;0;0;0;0;4;0;0;0;0;0;0;0;0;14;0
C9;S2_C9_25.8_26.4M15;25,95;0;0;0;0;0;3;1;0;0;0;0;2;0;0;0;0;0;0;0;0;14;0;0;0;0;0;0;0;5;0;0;0;0;0;0;0;0;0;0;0;12;51;0;0;0;0;0;0;0;5;0;0;0;0;0;0;1;3;0;1;0;0;0;0;0;0;2;1;0;0;21;0;54;1;0;0;1;0;0;0;0;0;0;0;0;0;0;0;0;0;3;1;0;0;0;0;2;1;0;0;0;0;1;0;0;0;0;0;0;0;0;0;0;0;0;0;0;0;0;0;5;0
C9;S2_C9_25.8_26.4M30;26,1;0;0;0;0;0;7;0;0;0;0;0;1;0;0;0;0;0;0;0;0;12;0;0;0;0;0;0;0;42;0;0;0;0;0;0;0;0;0;0;0;13;53;0;0;0;0;0;0;0;0;0;0;0;2;1;0;0;15;0;0;0;0;0;0;0;0;48;0;0;0;41;0;123;1;0;0;2;0;0;0;0;0;0;0;0;0;0;0;0;0;0;0;0;0;0;0;2;0;1;0;0;0;0;0;0;0;0;0;0;0;0;0;0;0;0;0;0;0;0;0;3;0
C9;S2_C9_25.8_26.4M45;26,25;0;0;0;0;0;2;0;0;0;0;0;3;0;0;0;0;0;0;0;0;12;0;0;0;0;0;0;0;14;1;0;0;0;0;0;0;0;0;0;0;28;13;0;0;2;0;0;4;0;1;0;0;0;4;4;0;1;29;0;1;0;0;0;0;0;0;17;0;0;5;43;0;42;0;1;0;1;0;0;0;0;0;0;0;0;0;0;0;0;0;0;0;0;0;0;0;2;0;2;0;0;0;5;0;0;0;0;0;0;0;0;0;0;0;0;0;0;0;0;0;26;0
C9;S2_C9_25.8_26.4B;26,4;0;0;0;0;0;0;0;0;0;0;0;0;0;0;0;0;0;0;0;0;0;0;0;0;0;0;0;0;0;0;0;0;0;0;0;0;0;0;0;0;32;0;0;0;0;0;0;0;0;0;0;0;0;4;1;0;0;1;0;0;0;0;0;0;0;0;1;1;0;0;16;0;11;0;0;0;0;0;0;0;0;0;0;0;0;0;0;0;0;0;0;0;0;0;0;0;0;0;0;0;0;0;0;0;0;0;0;0;0;0;0;0;0;0;0;0;0;0;0;0;0;0
C9;S2_C9_26.4_27.0T;26,5;0;0;0;0;0;3;0;0;0;0;0;0;0;0;0;0;0;0;0;0;6;0;0;0;0;0;0;0;12;0;0;0;0;0;0;0;0;0;0;0;82;32;0;0;2;0;0;0;0;0;0;3;0;11;3;0;0;17;0;1;0;0;0;0;0;0;0;0;0;7;82;0;91;0;2;0;0;0;0;0;0;8;0;0;0;0;0;0;0;0;1;0;0;0;0;1;0;0;1;0;0;0;0;0;0;0;0;0;0;0;0;0;0;0;0;0;0;0;0;0;6;0
C9;S2_C9_26.4_27.0M15cm;26,55;0;0;0;0;0;8;0;0;0;0;0;0;0;0;0;0;0;0;0;0;8;0;0;0;0;0;0;0;13;0;0;0;0;0;0;2;0;0;0;0;55;64;0;0;0;0;0;0;0;1;2;1;0;3;3;0;0;22;5;0;0;0;1;0;0;0;3;0;0;0;81;0;84;1;0;0;0;0;0;0;0;0;0;0;2;0;0;0;0;0;2;2;1;0;0;0;25;0;0;0;0;0;0;0;0;0;0;0;0;0;0;0;0;0;1;0;0;0;0;0;6;1
C9;S2_C9_26.4_27.0M30;26,7;0;1;0;0;0;1;1;0;0;0;0;0;0;0;0;0;0;0;0;0;0;0;0;0;0;0;0;0;10;0;0;0;0;0;0;0;0;0;0;0;21;32;0;0;1;0;0;0;0;0;0;0;0;0;0;0;0;3;0;0;0;0;0;0;0;0;0;0;0;3;74;0;30;0;4;0;0;0;0;0;0;8;0;0;0;0;0;0;0;0;0;0;0;0;0;0;3;0;0;0;0;0;0;0;0;0;0;0;0;0;0;0;0;0;0;0;0;0;0;0;3;0
C9;S2_C9_26.4_27.0M45;26,85;0;0;0;0;0;1;2;0;0;0;0;0;0;0;0;0;0;0;0;0;5;0;0;0;0;0;0;0;32;0;0;0;0;0;0;0;0;0;0;0;12;15;0;0;0;0;0;0;0;0;0;0;0;0;0;0;0;0;0;0;0;0;0;0;0;0;0;0;0;0;14;0;14;0;0;0;0;0;0;0;0;0;0;0;0;0;0;0;0;0;0;0;0;0;0;0;0;0;0;0;0;0;0;0;0;0;0;0;0;0;0;0;0;0;0;0;0;0;0;0;3;1
C9;S2_C9_26.4_27.0B;27;0;0;0;0;0;0;0;0;0;0;0;0;0;0;0;1;0;0;0;0;6;0;0;0;0;0;1;0;30;3;0;0;0;0;0;0;1;0;0;0;4;75;0;0;0;0;0;4;1;0;2;0;0;1;1;0;0;1;3;0;0;0;0;0;0;0;11;0;0;11;70;0;135;0;3;0;0;0;0;0;0;0;0;0;0;1;0;0;0;0;2;1;0;0;0;0;10;0;0;0;0;0;0;0;0;0;3;0;7;0;0;0;0;0;0;0;0;0;0;0;5;0
C10;S2_C10_27.6_28.2T;27,7;0;0;0;0;0;11;0;0;0;0;0;0;0;0;0;0;0;0;0;0;7;0;0;0;0;0;1;0;10;2;0;0;0;0;0;0;2;0;0;0;64;21;0;0;0;0;0;0;0;0;2;0;0;3;1;0;1;22;0;0;0;0;4;0;0;0;0;0;0;1;74;0;32;1;5;0;2;0;0;0;0;0;0;0;0;0;0;0;0;0;4;0;0;0;0;0;2;0;0;0;0;0;1;0;0;0;1;0;0;0;0;0;0;0;0;0;0;0;0;0;51;2
C10;S2_C10_27.6_28.2M;27,9;0;0;0;0;0;14;0;0;0;0;0;0;0;0;0;0;0;0;0;0;2;0;0;0;0;0;1;0;12;3;0;0;0;0;0;0;0;0;0;0;10;34;0;0;1;0;0;0;0;1;0;0;0;2;6;0;3;33;0;0;2;0;0;0;0;0;0;8;0;6;55;0;18;0;1;0;7;0;0;0;0;0;0;0;1;0;0;0;0;0;7;1;0;0;0;0;2;0;0;0;0;0;0;2;0;0;2;0;0;0;0;0;0;0;0;0;0;0;0;0;15;0
C10;S2_C10_27.6_28.2B;28,2;0;0;0;0;0;5;0;0;0;0;0;0;0;0;0;0;0;0;0;0;5;0;0;0;0;0;2;0;8;1;0;0;0;0;0;0;3;0;0;0;291;12;0;0;1;0;0;0;0;0;1;1;0;5;5;1;0;3;0;0;0;0;0;0;0;0;1;0;0;3;71;0;5;0;1;0;0;0;0;0;0;0;0;0;0;0;0;0;0;0;2;0;0;0;0;0;0;1;0;0;0;0;0;4;0;0;0;0;0;0;0;0;0;0;0;0;0;0;0;0;45;0
C10;S2_C10_28.2_28.8T;28,3;0;0;0;0;0;15;0;0;0;0;0;3;0;0;0;0;0;0;0;0;10;0;0;0;0;0;5;0;8;2;0;0;0;0;0;0;0;0;0;0;51;49;0;0;1;0;2;0;1;11;0;0;7;11;4;0;0;34;0;4;0;0;0;0;0;0;0;31;0;2;111;0;156;1;3;0;0;0;0;0;0;0;0;0;0;0;0;0;0;0;0;0;0;0;0;0;2;0;0;0;0;0;0;0;0;0;0;0;0;0;0;1;0;0;0;0;0;0;0;0;58;0
C10;S2_C10_28.2_28.8M;28,5;0;0;0;0;0;10;0;3;0;0;0;1;0;0;0;0;0;0;0;0;1;0;0;0;1;0;0;0;0;0;0;0;0;0;0;0;0;0;0;0;191;47;0;0;1;0;0;0;0;0;0;0;1;5;0;0;0;46;1;0;0;0;4;0;0;0;2;0;0;3;18;0;8;1;0;0;3;0;0;0;0;0;0;0;0;0;0;0;0;0;0;1;0;0;0;0;4;0;0;0;0;0;0;0;0;0;0;0;0;0;0;0;0;0;0;0;0;0;0;0;2;2
C10;S2_C10_28.2_28.8B;28,8;0;0;0;0;0;3;0;0;0;0;0;1;0;0;0;0;0;0;0;0;1;0;0;0;0;0;0;0;5;0;0;0;0;0;0;0;0;0;0;0;2;11;0;0;0;0;0;0;0;1;0;0;0;0;1;0;0;0;0;0;0;0;0;0;0;0;0;0;0;0;20;0;0;0;1;0;0;0;0;0;0;0;0;0;0;0;0;0;0;0;0;0;0;0;0;0;0;0;0;0;0;0;0;1;0;0;0;0;0;0;0;0;0;0;0;0;0;0;0;0;8;1
C10;S2_C10_28.8_29.4T;28,9;0;0;0;0;0;21;0;0;0;0;0;2;0;0;0;0;0;0;0;0;3;0;0;0;0;0;2;0;22;1;0;0;0;0;0;0;0;0;0;0;62;40;0;0;33;0;0;0;0;1;3;0;1;4;0;0;0;16;0;0;0;0;2;0;0;0;2;0;0;6;130;0;13;0;25;0;6;0;0;0;0;0;0;0;0;0;0;0;0;0;5;0;0;1;0;0;13;0;0;0;0;0;1;2;0;0;0;0;0;0;0;0;0;0;0;0;0;0;0;0;43;3
C10;S2_C10_28.8_29.4M;29,1;0;0;0;0;0;16;0;0;0;0;0;0;0;0;0;0;0;0;0;0;23;0;0;0;0;0;0;0;11;28;0;0;0;0;0;5;0;0;0;0;0;55;0;1;0;0;0;5;0;3;0;3;0;36;7;0;3;27;0;0;0;0;0;0;0;0;0;0;0;8;34;0;32;0;13;0;0;0;0;0;0;0;0;0;1;0;0;0;0;0;0;0;0;0;0;0;12;0;0;0;0;0;5;0;0;0;0;0;0;0;0;0;0;0;0;0;0;0;0;0;20;0
C10;S2_C10_28.8_29.4B;29,4;0;0;0;0;0;18;0;0;0;0;0;0;0;0;0;0;0;0;0;0;6;0;0;0;0;0;0;0;9;1;0;0;0;0;0;0;0;0;0;0;54;1;0;0;6;0;0;0;0;2;0;0;0;12;5;0;0;16;0;0;0;0;0;0;0;0;7;0;0;14;75;0;5;2;7;0;0;0;0;0;0;0;0;0;0;0;0;0;0;0;3;0;0;0;1;0;0;0;3;0;0;0;7;1;0;0;1;0;0;0;0;0;0;0;0;0;0;0;0;0;15;1
C10;S2_C10_29.4_30.0T;29,5;0;0;0;0;0;33;0;0;0;0;0;0;0;0;0;2;0;0;0;0;5;0;0;0;0;0;2;0;7;1;0;0;0;0;0;0;0;0;0;0;45;30;0;0;16;0;0;0;0;0;0;0;0;6;3;0;0;21;0;0;0;0;0;0;0;0;0;0;0;10;96;0;13;4;9;0;0;0;0;0;0;0;0;0;1;0;0;0;5;0;1;0;0;0;0;0;16;0;3;0;0;0;2;2;0;0;0;0;0;0;0;2;0;0;0;0;0;0;0;0;10;0
C10;S2_C10_29.4_30.0M;29,7;0;0;0;0;0;50;0;1;0;0;0;0;0;0;0;0;0;0;0;0;13;0;0;0;0;0;6;0;23;5;0;6;0;0;0;0;0;0;0;0;55;31;0;0;1;0;0;0;3;0;0;0;0;5;13;0;0;16;0;0;0;0;0;0;1;0;7;0;0;3;90;0;3;20;2;0;0;0;0;0;0;0;0;0;0;0;0;0;0;0;0;1;0;1;0;0;5;6;0;0;0;0;9;5;0;0;0;0;0;0;0;1;0;0;0;0;0;0;0;0;13;1
C10;S2_C10_29.4_30.0B;30;0;0;0;0;0;11;0;0;0;0;0;0;0;0;0;0;0;0;0;0;3;0;0;0;0;0;3;0;10;0;0;0;0;0;0;2;0;0;0;0;26;25;0;1;0;0;0;0;0;0;0;0;0;0;0;0;0;6;0;0;0;0;0;0;0;0;3;0;0;0;5;0;0;0;8;0;0;0;0;0;0;0;0;0;0;2;0;0;0;0;0;0;0;0;0;0;8;0;3;0;0;0;1;1;0;0;0;0;0;0;0;0;0;0;0;0;0;0;0;0;9;3
C11;S2_C11_30.6_31.2T;30,7;0;0;0;0;0;10;0;0;0;0;0;0;0;0;0;0;0;0;0;0;8;0;0;0;0;0;1;0;10;2;0;0;0;0;0;0;0;0;0;0;79;0;0;0;8;0;0;0;0;1;1;0;0;0;0;0;0;0;0;0;0;0;0;0;0;0;0;15;0;45;87;0;0;2;5;0;8;0;0;0;0;0;0;0;0;0;0;0;0;0;0;0;0;0;0;0;10;1;0;0;0;0;0;0;0;0;0;0;0;0;0;0;0;0;0;0;0;0;0;0;0;1
C11;S2_C11_30.6_31.2M;30,9;0;0;0;0;0;7;0;0;0;0;0;0;0;0;0;2;0;0;0;0;0;0;0;0;0;0;0;0;5;2;0;0;0;0;0;0;0;0;0;0;73;2;0;0;19;0;0;0;0;0;0;0;0;1;0;1;0;0;0;0;0;0;0;0;0;0;0;76;0;92;156;0;0;0;0;0;1;0;0;0;0;0;0;0;0;0;0;0;0;0;0;0;0;0;0;0;3;0;0;0;0;0;0;0;0;0;0;0;0;0;0;0;0;0;0;0;0;0;0;0;0;0
C11;S2_C11_30.6_31.2B;31,2;0;0;0;0;0;1;0;0;0;0;0;0;0;0;0;0;0;0;0;0;2;0;0;0;0;0;0;0;5;0;0;0;0;0;0;1;0;0;0;0;31;0;0;0;5;0;0;0;0;0;0;0;0;0;0;0;0;0;0;0;0;0;0;0;0;0;0;11;0;13;45;0;0;0;0;0;0;0;0;0;0;0;0;0;0;0;0;0;0;0;0;1;0;0;0;0;0;0;1;0;0;0;0;0;0;0;0;0;0;0;0;0;0;0;0;0;0;0;0;0;0;0
C11;S2_C11_31.2_31.8T;31,3;0;0;0;0;0;0;0;0;0;0;0;0;0;0;0;0;0;0;0;0;2;0;0;0;0;0;0;0;1;0;0;0;0;0;0;0;1;0;0;0;0;5;0;0;10;0;0;0;0;0;0;0;0;0;0;0;0;0;0;0;0;0;0;0;0;0;0;40;0;4;15;0;0;0;0;0;0;0;0;0;0;0;0;0;0;0;0;0;0;0;0;1;0;0;0;0;0;0;0;0;0;0;0;1;0;0;0;0;0;0;0;0;0;1;0;0;0;0;0;0;0;0
C11;S2_C11_31.2_31.8M;31,5;0;0;0;0;0;13;0;0;0;0;0;26;0;0;0;0;0;0;0;0;49;0;0;0;0;0;4;0;3;10;0;0;0;0;0;0;16;0;0;0;0;83;0;0;32;0;0;0;0;1;0;0;0;0;0;0;0;1;0;1;0;0;0;0;0;0;0;121;0;131;47;0;8;1;0;0;10;0;0;0;0;0;0;1;0;1;0;0;0;0;0;0;0;1;0;0;42;0;4;0;0;0;3;17;0;0;0;0;0;0;0;0;0;2;0;0;0;0;0;0;1;0
C11;S2_C11_31.8_32.4T;31,8;1;0;0;0;0;1;0;0;0;0;0;0;0;0;0;0;0;0;0;0;0;0;0;0;0;0;0;0;0;0;0;0;0;0;0;0;0;0;0;0;41;0;0;0;0;0;0;0;0;0;0;0;0;0;0;0;0;0;0;0;0;0;0;0;0;0;0;0;1;0;0;0;0;0;1;0;0;0;0;0;0;0;0;0;0;0;0;0;0;0;0;85;0;0;0;0;0;0;0;0;0;0;0;0;0;0;0;0;0;0;0;0;0;0;0;0;0;0;0;0;0;0
C11;S2_C11_31.2_31.8B;31,9;0;0;0;0;0;13;1;11;0;0;0;0;0;0;0;0;0;0;0;0;19;0;0;0;0;0;5;0;5;0;0;0;0;0;0;0;0;0;0;0;0;124;0;0;8;0;0;0;0;0;0;0;0;0;1;0;0;6;0;0;0;0;0;0;0;0;0;26;0;7;17;0;55;9;4;0;5;0;0;0;0;0;0;0;0;1;0;0;0;0;0;1;0;1;0;0;15;0;10;0;0;0;4;6;0;0;0;0;1;0;0;0;0;0;0;0;0;0;0;0;1;2
C11;S2_C11_31.8_32.4M;32,1;0;0;1;0;0;0;0;0;0;1;0;0;0;0;0;0;0;0;0;0;0;0;0;0;0;0;0;0;0;0;0;0;0;0;0;0;0;0;0;0;1;0;0;0;0;0;0;0;0;0;0;0;0;0;0;0;0;0;0;0;0;0;0;0;0;0;6;0;0;0;0;0;0;0;1;0;0;0;0;0;0;0;0;0;0;0;0;0;0;0;0;0;0;0;0;0;0;0;0;0;0;0;0;0;0;0;0;0;0;0;0;1;0;0;0;0;0;0;0;0;0;0
C11;S2_C11_31.8_32.4B;32,4;0;0;0;0;0;5;0;0;0;0;0;0;0;0;0;0;0;0;0;0;1;0;0;0;0;0;0;0;0;0;0;0;0;0;0;0;0;0;0;0;118;3;0;0;0;0;0;0;0;0;0;0;0;0;0;0;0;0;0;0;0;0;0;0;0;0;0;0;10;0;0;0;7;0;6;0;0;0;0;0;0;0;0;0;0;0;0;0;0;0;0;18;0;0;0;0;0;1;0;0;0;0;0;0;0;0;0;0;0;0;0;0;0;0;0;0;0;0;0;0;1;0
C11;S2_C11_32.4_33.0T;32,5;0;0;0;0;0;11;0;1;0;0;0;0;0;0;0;0;0;0;0;0;16;0;0;0;0;0;1;0;2;1;0;0;0;0;0;2;0;0;0;0;31;21;0;0;0;0;0;0;2;0;0;0;0;1;2;0;1;8;0;0;0;0;0;0;0;0;0;0;2;19;16;0;29;1;1;0;0;0;0;0;0;0;0;0;0;0;0;0;0;0;1;8;0;1;0;0;20;0;1;0;0;0;1;3;0;2;0;0;0;0;0;0;0;0;0;0;0;0;0;0;2;1
C11;S2_C11_32.4_33.0M;32,7;0;0;0;0;0;5;0;0;0;0;0;0;0;0;0;0;0;0;0;0;0;0;0;0;0;0;0;0;0;1;0;0;0;0;0;0;3;0;0;0;62;7;0;0;0;0;0;0;0;0;0;0;0;0;3;0;0;0;0;0;0;0;0;0;0;0;0;0;15;1;3;0;7;3;0;0;0;0;0;0;0;0;0;0;0;0;0;0;0;0;0;1;0;0;0;0;0;0;0;0;0;0;1;0;0;0;0;0;0;0;0;0;0;0;0;0;0;0;0;0;5;0
C11;S2_C11_32.4_33.0B;33;0;0;0;0;0;0;0;0;0;0;0;0;0;0;0;0;0;0;0;0;0;0;0;0;0;0;0;0;0;0;0;0;0;0;0;0;0;0;0;0;11;0;0;0;0;0;0;0;0;0;0;0;0;0;0;0;0;0;0;0;0;0;0;0;0;0;0;0;0;0;0;0;0;0;0;0;0;0;0;0;0;0;0;0;0;0;0;0;0;0;0;15;0;0;0;0;0;0;0;0;0;0;0;0;0;0;0;0;0;0;0;0;0;0;0;0;0;0;0;0;0;0
C12;S2_C12_33.0_33.6T;33,1;0;0;3;0;0;0;0;0;0;0;0;0;0;0;0;0;0;0;0;0;0;0;0;0;0;0;0;0;0;0;0;0;0;0;0;0;0;0;0;0;3;0;0;0;0;0;0;0;0;0;0;0;0;0;0;0;0;0;0;0;0;0;0;0;0;0;0;0;0;0;0;0;0;0;0;0;0;0;0;0;0;0;0;0;0;0;0;0;0;0;0;0;0;0;0;0;0;0;0;0;0;0;0;0;0;0;0;0;0;0;0;0;0;0;0;0;0;0;0;0;0;0
C12;S2_C12_33.0_33.6M;33,3;0;0;0;0;0;0;0;0;0;0;0;0;0;0;0;0;0;0;0;0;0;0;0;0;0;0;0;0;0;0;0;0;0;0;0;0;0;0;0;0;40;3;0;0;0;0;0;0;0;0;0;0;0;0;0;0;0;0;0;0;0;0;0;0;0;0;0;0;1;0;0;0;0;0;0;0;0;0;0;0;0;0;0;0;0;0;0;0;0;0;0;1;0;0;0;0;0;0;0;0;0;0;0;0;0;0;0;0;0;0;0;0;0;0;0;0;0;0;0;0;0;0
C12;S2_C12_33.0_33.6B;33,6;0;0;5;0;0;0;0;0;0;0;0;0;0;0;0;0;0;0;0;0;0;0;0;0;0;0;0;0;0;0;0;0;0;0;0;0;0;0;0;0;134;1;0;0;0;0;0;0;0;0;0;0;0;0;0;0;0;0;0;0;0;0;0;0;0;0;0;0;6;0;0;0;0;0;0;0;0;0;0;0;0;0;0;0;0;0;0;0;0;0;0;1;0;0;0;0;0;0;0;0;0;0;0;0;0;0;0;0;0;0;0;0;0;0;0;0;0;0;0;0;0;0
C12;S2_C12_33.6_34.2T;33,7;0;0;0;0;0;0;0;0;0;0;0;0;0;0;0;0;0;0;0;0;0;0;0;0;0;0;0;0;0;0;0;0;0;0;0;0;0;0;0;0;20;0;0;0;1;0;0;0;0;0;0;0;0;0;0;0;0;0;0;0;0;0;0;0;0;0;0;0;0;0;0;0;0;0;0;0;0;0;0;0;0;0;0;0;0;0;0;0;0;0;0;0;0;0;0;0;0;0;0;0;0;0;0;0;0;0;0;0;0;0;0;0;0;0;0;0;0;0;0;0;0;0
C12;S2_C12_33.6_34.2M;33,9;0;0;0;0;0;0;0;0;0;0;0;0;0;0;0;0;0;0;0;0;0;0;0;0;0;0;0;0;0;0;0;0;0;0;0;0;0;0;0;0;106;10;0;0;3;0;0;0;0;0;0;0;0;0;0;0;0;0;0;0;0;0;0;0;0;0;0;0;0;0;0;0;0;0;0;0;0;0;0;0;0;0;0;0;0;0;0;0;0;0;0;5;0;0;0;0;0;0;0;0;0;0;0;0;0;0;0;0;0;0;0;0;0;0;0;0;0;0;0;0;0;0
C12;S2_C12_33.6_34.2B;34,2;0;0;0;0;0;0;0;0;0;0;0;0;0;0;0;0;0;0;0;0;0;0;0;0;0;0;0;0;0;0;0;0;0;0;0;0;0;0;0;0;2;0;0;0;0;0;0;0;0;0;0;0;0;0;0;0;0;0;0;0;0;0;0;0;0;0;0;0;0;0;0;1;0;0;0;0;0;0;0;0;0;0;0;0;0;0;0;0;0;0;0;0;0;0;0;0;0;0;0;0;0;0;0;0;0;0;0;0;0;0;0;0;0;0;0;0;0;0;0;0;0;0
C12;S2_C12_34.2_34.8T;34,3;0;0;0;0;0;0;0;0;0;1;0;0;0;0;0;0;0;0;0;0;0;0;0;0;0;0;0;0;0;0;0;0;0;0;0;0;0;0;0;0;2;0;0;0;0;0;0;0;0;0;0;0;0;0;0;0;0;0;0;0;0;0;0;0;0;0;0;0;0;0;0;0;0;0;0;0;0;0;0;0;0;0;0;0;0;0;0;0;0;0;0;0;0;0;0;0;0;0;0;0;0;0;0;0;0;0;0;0;0;0;0;0;0;0;0;0;0;0;0;0;0;0
C12;S2_C12_34.8_35.4T;34,9;1;0;1;0;0;1;0;0;0;0;0;0;0;0;0;0;0;0;0;0;3;0;0;0;0;0;0;0;0;0;0;0;0;0;0;0;0;0;0;0;164;0;0;0;0;0;0;0;0;0;0;0;0;0;0;0;0;0;0;0;0;0;0;0;0;0;0;0;6;0;2;1;0;0;4;0;0;0;0;0;0;0;0;0;0;0;0;0;0;0;1;0;0;0;0;0;0;0;0;0;0;0;0;0;0;0;0;0;0;0;0;0;0;0;0;0;0;0;0;0;2;0
C12;S2_C12_34.8_35.4M;35,1;0;0;0;0;0;0;0;0;0;1;0;0;0;0;0;0;0;0;0;0;30;0;0;0;0;0;0;0;5;0;46;0;0;0;0;0;3;0;0;0;250;6;0;0;3;0;0;0;0;0;0;0;0;6;0;0;0;0;0;0;0;0;0;0;0;0;0;0;0;17;6;1;0;0;18;0;0;0;0;0;0;0;0;0;0;0;0;0;0;0;1;10;0;0;0;0;0;0;0;0;0;0;0;0;0;0;1;0;0;0;0;0;0;0;0;0;0;0;0;0;1;0
C12;S2_C12_34.8_35.4B;35,4;0;0;0;0;0;0;0;0;0;0;0;0;0;0;0;0;0;0;0;0;0;0;0;0;0;0;0;0;1;3;0;0;0;0;0;0;0;0;0;0;46;0;0;0;0;0;0;0;0;0;0;0;0;3;0;0;0;0;0;0;0;0;0;0;0;0;0;0;0;0;0;0;0;0;10;0;0;0;0;0;0;0;0;0;0;0;0;0;0;0;2;4;0;0;0;0;0;0;0;0;0;0;0;0;0;0;0;0;0;0;0;0;0;0;0;0;0;0;0;0;6;0
C12;S2_C12_35.4_36.0T;35,5;0;0;0;0;0;17;0;0;0;0;0;0;0;0;0;1;0;0;0;0;15;0;0;0;0;0;0;0;6;2;0;0;0;0;0;0;0;0;0;0;97;10;0;0;1;0;0;0;1;0;0;0;0;0;0;0;0;0;0;0;0;0;0;0;0;0;0;0;0;18;71;0;0;5;6;0;0;0;0;0;0;0;0;0;0;4;0;0;0;0;0;0;0;2;0;0;15;0;0;0;0;0;0;5;0;0;0;0;2;0;0;0;0;0;0;0;0;0;0;0;41;0
C12;S2_C12_35.4_36.0M;35,7;0;0;0;0;0;0;0;0;0;0;0;0;0;0;0;0;0;0;0;0;2;0;0;0;0;0;0;0;1;0;0;0;0;0;0;0;0;0;0;0;252;0;0;0;0;0;0;0;0;0;0;0;0;1;0;0;0;0;0;0;0;0;0;0;0;0;0;0;287;0;0;7;0;0;0;0;0;0;0;0;0;0;0;0;0;0;0;0;0;0;0;49;0;0;0;0;0;0;0;0;0;0;0;0;0;0;0;0;0;0;0;0;0;0;0;0;1;0;0;0;0;0
C12;S2_C12_35.4_36.0B;36;0;0;0;0;0;1;0;0;0;0;0;0;0;0;0;0;0;0;0;0;0;0;0;0;0;0;0;0;0;0;0;0;0;0;0;0;0;0;0;0;218;23;0;0;4;0;0;0;0;0;0;0;0;0;0;0;0;0;0;0;0;0;0;0;0;0;0;0;45;1;21;0;0;0;6;0;0;0;0;0;0;0;0;0;0;0;0;0;0;0;0;56;0;0;0;0;0;0;0;0;0;0;0;0;0;0;0;0;0;0;0;0;0;0;0;0;0;0;0;0;0;0
C13;S2_C13_36.0_36.6T;36,1;0;0;1;0;0;0;0;0;0;0;0;0;0;0;0;0;0;0;0;0;1;0;0;0;0;0;0;0;0;0;0;0;0;0;0;0;0;0;0;0;8;0;0;0;0;0;0;0;0;0;0;0;0;0;0;0;0;0;0;0;0;0;0;0;0;0;0;0;1;0;0;0;0;0;0;0;0;0;0;0;0;0;0;0;0;0;0;0;0;0;0;11;0;0;0;0;0;0;0;0;0;0;0;0;0;0;0;0;0;0;0;0;0;0;0;0;0;0;0;0;0;0
C13;S2_C13_36.0_36.6M;36,3;0;0;0;0;0;0;0;0;0;0;0;0;0;0;0;0;0;0;0;0;1;0;0;0;0;0;0;0;0;0;0;0;0;0;0;0;0;0;0;0;143;0;0;0;1;0;0;0;0;0;0;0;0;0;0;0;0;0;0;0;0;0;0;0;0;0;0;0;3;0;0;0;0;0;0;0;0;0;0;0;0;0;0;0;0;0;0;0;0;0;0;0;0;0;0;0;0;0;0;0;0;0;0;0;0;0;0;0;0;0;0;0;0;0;0;0;0;0;0;0;0;0
C13;S2_C13_36.6_37.2T;36,6;0;0;0;0;0;0;0;0;0;0;0;0;0;0;0;0;0;0;0;0;0;0;0;0;0;0;0;0;0;0;0;0;0;0;0;0;0;0;0;0;3;0;0;0;0;0;0;0;0;0;0;0;0;0;0;0;0;0;0;0;0;0;0;0;0;0;0;0;0;0;0;0;0;0;0;0;0;0;0;0;0;0;0;0;0;0;0;0;0;0;0;0;0;0;0;0;0;0;0;0;0;0;0;0;0;0;0;0;0;0;0;0;0;0;0;0;0;0;0;0;0;0
C13;S2_C13_36.0_36.6B;36,7;0;0;1;0;0;0;0;0;0;0;0;0;0;0;0;0;0;0;0;0;0;0;0;0;0;0;0;0;0;0;0;0;0;0;0;0;0;0;0;0;6;0;0;0;0;0;0;0;0;0;0;0;0;0;0;0;0;0;0;0;0;0;0;0;0;0;0;0;3;0;0;0;0;0;0;0;0;0;0;0;0;0;0;0;0;0;0;0;0;0;0;8;0;0;0;0;0;0;0;0;0;0;0;0;0;0;0;0;0;0;0;0;0;0;0;0;0;0;0;0;0;0
C13;S2_C13_36.6_37.2M;36,9;0;0;0;0;0;0;0;0;0;0;0;0;0;0;0;0;0;0;0;0;0;0;0;0;0;0;0;0;0;0;0;0;0;0;0;0;0;0;0;0;3;0;0;0;0;0;0;0;0;0;0;0;0;0;0;0;0;0;0;0;0;0;0;0;0;0;0;0;1;0;0;0;0;0;0;0;0;0;0;0;0;0;0;0;0;0;0;0;0;0;0;0;0;0;0;0;0;0;0;0;0;0;0;0;0;0;0;0;0;0;0;0;0;0;0;0;0;0;0;0;0;0
C13;S2_C13_36.6_37.2B;37,2;0;0;3;0;0;0;0;0;0;0;0;0;0;0;0;0;0;0;0;0;0;0;0;0;0;0;0;0;0;0;0;0;0;0;0;0;0;0;0;0;8;0;0;0;0;0;0;0;0;0;0;0;0;0;0;0;0;0;0;0;0;0;0;0;0;0;0;0;0;0;0;0;0;0;0;0;0;0;0;0;0;0;0;0;0;0;0;0;0;0;0;0;0;0;0;0;0;0;0;0;0;0;0;0;0;0;0;0;0;0;0;0;0;0;0;0;0;0;0;0;0;0
C13;S2_C13_37.2_37.8M;37,5;0;0;1;0;0;0;0;0;0;0;0;0;0;0;0;0;0;0;0;0;0;0;0;0;0;0;0;0;0;0;0;0;0;0;0;0;0;0;0;0;1;0;0;0;3;0;0;0;0;0;0;0;0;0;0;0;0;0;0;0;0;0;0;0;0;0;0;0;1;0;0;0;0;0;0;0;0;0;0;0;0;0;0;0;0;0;0;0;0;0;0;0;0;0;0;0;0;0;0;0;0;0;0;0;0;0;0;0;0;0;0;0;0;0;0;0;0;0;0;0;0;0
C13;S2_C13_37.2_37.8T;37,9;0;0;0;0;0;0;0;0;0;0;0;0;0;0;0;0;0;0;0;0;35;0;0;0;0;0;0;0;0;21;0;0;0;0;0;0;0;0;0;0;274;1;0;0;4;0;0;0;0;5;0;0;0;2;0;0;0;0;0;0;0;0;0;0;0;0;0;0;5;0;3;0;0;0;0;0;0;0;0;0;0;0;0;0;0;0;0;0;0;0;3;20;0;0;0;0;0;0;0;0;0;1;0;0;0;0;0;0;0;0;0;0;0;0;0;0;0;0;0;0;0;0
C13;S2_C13_37.8_38.4M;38,1;0;0;0;0;0;0;0;0;0;0;0;0;0;0;0;0;0;0;0;0;0;0;0;0;0;0;0;0;0;0;0;0;0;0;0;0;0;0;0;0;141;16;0;0;0;0;0;0;0;0;0;0;0;0;0;0;0;0;0;0;0;0;0;0;0;0;0;0;0;0;0;0;0;0;0;0;0;0;0;0;0;0;0;0;0;0;0;0;0;0;0;31;0;0;0;0;0;0;0;0;0;0;0;0;0;0;0;0;0;0;0;0;0;0;0;0;435;0;0;0;1;0
C13;S2_C13_38.4_39.0T;38,4;0;0;0;0;0;0;0;0;0;0;0;0;0;0;0;0;0;0;0;0;0;0;0;0;0;0;0;0;0;0;0;0;0;0;0;0;0;0;0;0;1;0;0;0;0;0;0;0;0;0;0;0;0;0;0;0;0;0;0;0;0;0;0;0;0;0;0;0;1;0;0;0;0;0;0;0;0;0;0;0;0;0;0;0;0;0;0;0;0;0;0;2;0;0;0;0;0;0;0;0;0;0;0;0;0;0;0;0;0;0;0;0;0;0;0;0;0;0;0;0;0;0
C13;S2_C13_37.8_38.4B;38,5;0;0;0;0;0;0;0;0;0;1;0;0;0;0;0;0;0;0;0;0;0;0;0;0;0;0;0;0;0;0;0;0;0;0;0;0;0;0;0;0;32;0;0;0;0;0;0;0;0;0;0;0;0;0;0;0;0;0;0;0;0;0;0;0;0;0;0;0;8;0;0;0;0;0;0;0;0;0;0;0;0;0;0;0;0;0;0;0;0;0;0;11;0;0;0;0;0;0;0;0;0;0;0;0;0;0;0;0;0;0;0;0;0;0;0;0;1;0;0;0;0;0
C13;S2_C13_38.4_39.0M;38,7;0;0;0;0;0;0;0;0;0;0;0;0;0;0;0;0;0;0;0;0;1;0;0;0;0;0;0;0;0;0;0;0;0;0;0;0;0;0;0;0;0;0;0;0;0;0;0;0;0;0;0;0;0;0;3;0;0;0;0;0;0;0;0;0;0;0;1;0;0;0;0;0;0;0;0;0;0;0;0;0;0;0;0;0;0;0;0;0;1;0;0;1;0;0;0;0;0;0;0;0;0;0;0;0;0;0;0;0;0;0;0;0;0;0;0;0;0;0;0;0;0;0
C13;S2_C13_38.4_39.0B;39;0;0;13;0;0;0;0;1;0;0;0;0;0;0;0;0;0;0;0;0;0;0;0;0;0;0;0;0;0;0;0;0;0;0;0;0;0;0;0;0;2;0;0;0;0;0;0;0;0;0;0;0;0;0;1;0;0;0;0;0;0;0;0;0;0;0;2;0;0;0;0;0;0;0;0;0;0;0;0;0;0;0;0;0;0;0;0;0;0;0;0;1;0;0;0;0;0;0;0;0;0;0;0;0;0;0;0;0;0;0;0;0;0;3;0;0;0;0;0;0;0;0
